category,secondary_category,secondary_rule,board,code,name,fund_type
行业-交通运输,交运综合,命中关键词：交运,物流/交运/航空航运,159662,交运ETF南方,指数型-股票
行业-交通运输,交运综合,命中关键词：交通运输,物流/交运/航空航运,159666,交通运输ETF华夏,指数型-股票
行业-交通运输,交运综合,命中关键词：交运,物流/交运/航空航运,561320,交运ETF国泰,指数型-股票
行业-交通运输,物流,命中关键词：物流,物流/交运/航空航运,516530,物流ETF银华,指数型-股票
行业-交通运输,物流,命中关键词：物流,物流/交运/航空航运,516910,物流ETF富国,指数型-股票
行业-农业养殖,农业/农牧渔,命中关键词：农业,农业/畜牧/粮食,159041,农业ETF鹏华,指数型-股票
行业-农业养殖,农业/农牧渔,命中关键词：农牧,农业/畜牧/粮食,159173,南方中证全指农牧渔ETF,指数型-股票
行业-农业养殖,农业/农牧渔,命中关键词：农牧,农业/畜牧/粮食,159275,农牧渔ETF华宝,指数型-股票
行业-农业养殖,农业/农牧渔,命中关键词：农牧,农业/畜牧/粮食,159616,农牧ETF建信,指数型-股票
行业-农业养殖,农业/农牧渔,命中关键词：农业,农业/畜牧/粮食,159825,农业ETF富国,指数型-股票
行业-农业养殖,农业/农牧渔,命中关键词：农业,农业/畜牧/粮食,159827,农业ETF银华,指数型-股票
行业-农业养殖,农业/农牧渔,命中关键词：农业,农业/畜牧/粮食,512620,农业ETF天弘,指数型-股票
行业-农业养殖,农业/农牧渔,命中关键词：农业,农业/畜牧/粮食,516550,农业ETF嘉实,指数型-股票
行业-农业养殖,农业/农牧渔,命中关键词：农业,农业/畜牧/粮食,516810,农业ETF华夏,指数型-股票
行业-农业养殖,农业/农牧渔,命中关键词：农牧,农业/畜牧/粮食,560210,农牧渔ETF景顺,指数型-股票
行业-农业养殖,农业/农牧渔,命中关键词：农业,农业/畜牧/粮食,562900,农业ETF易方达,指数型-股票
行业-农业养殖,畜牧养殖,命中关键词：畜牧,农业/畜牧/粮食,159007,华泰柏瑞中证畜牧养殖产业ETF,指数型-股票
行业-农业养殖,畜牧养殖,命中关键词：养殖,农业/畜牧/粮食,159011,养殖ETF华安,指数型-股票
行业-农业养殖,畜牧养殖,命中关键词：畜牧,农业/畜牧/粮食,159020,易方达中证畜牧养殖产业ETF,指数型-股票
行业-农业养殖,畜牧养殖,命中关键词：养殖,农业/畜牧/粮食,159023,养殖ETF万家,指数型-股票
行业-农业养殖,畜牧养殖,命中关键词：畜牧,农业/畜牧/粮食,159027,畜牧养殖ETF大成,指数型-股票
行业-农业养殖,畜牧养殖,命中关键词：养殖,农业/畜牧/粮食,159165,养殖ETF永赢,指数型-股票
行业-农业养殖,畜牧养殖,命中关键词：养殖,农业/畜牧/粮食,159172,养殖ETF汇添富,指数型-股票
行业-农业养殖,畜牧养殖,命中关键词：养殖,农业/畜牧/粮食,159865,养殖ETF国泰,指数型-股票
行业-农业养殖,畜牧养殖,命中关键词：养殖,农业/畜牧/粮食,159867,养殖ETF鹏华,指数型-股票
行业-农业养殖,畜牧养殖,命中关键词：畜牧,农业/畜牧/粮食,512450,畜牧养殖ETF广发,指数型-股票
行业-农业养殖,畜牧养殖,命中关键词：畜牧,农业/畜牧/粮食,516670,畜牧养殖ETF招商,指数型-股票
行业-农业养殖,畜牧养殖,命中关键词：养殖,农业/畜牧/粮食,516760,养殖ETF平安,指数型-股票
行业-农业养殖,粮食,命中关键词：粮食,农业/畜牧/粮食,159030,粮食ETF华夏,指数型-股票
行业-农业养殖,粮食,命中关键词：粮食,农业/畜牧/粮食,159031,粮食ETF博时,指数型-股票
行业-农业养殖,粮食,命中关键词：粮食,农业/畜牧/粮食,159033,粮食ETF国泰,指数型-股票
行业-农业养殖,粮食,命中关键词：粮食,农业/畜牧/粮食,159038,易方达国证粮食产业ETF,指数型-股票
行业-农业养殖,粮食,命中关键词：粮食,农业/畜牧/粮食,159060,粮食ETF浦银,指数型-股票
行业-农业养殖,粮食,命中关键词：粮食,农业/畜牧/粮食,159063,粮食ETF南方,指数型-股票
行业-农业养殖,粮食,命中关键词：粮食,农业/畜牧/粮食,159587,粮食ETF广发,指数型-股票
行业-农业养殖,粮食,命中关键词：粮食,农业/畜牧/粮食,159698,粮食ETF鹏华,指数型-股票
行业-医药医疗,中药,命中关键词：中药,医药/医疗/生物科技,159647,中药ETF鹏华,指数型-股票
行业-医药医疗,中药,命中关键词：中药,医药/医疗/生物科技,560080,中药ETF汇添富,指数型-股票
行业-医药医疗,中药,命中关键词：中药,医药/医疗/生物科技,561510,中药ETF华泰柏瑞,指数型-股票
行业-医药医疗,中药,命中关键词：中药,医药/医疗/生物科技,562390,中药ETF银华,指数型-股票
行业-医药医疗,创新药,命中关键词：创新药,医药/医疗/生物科技,159217,港股通创新药ETF工银,指数型-股票
行业-医药医疗,创新药,命中关键词：创新药,医药/医疗/生物科技,159286,港股通创新药ETF鹏华,指数型-股票
行业-医药医疗,创新药,命中关键词：创新药,医药/医疗/生物科技,159297,港股通创新药ETF南方,指数型-股票
行业-医药医疗,创新药,命中关键词：创新药,医药/医疗/生物科技,159316,港股通创新药ETF易方达,指数型-股票
行业-医药医疗,创新药,命中关键词：创新药,医药/医疗/生物科技,159567,港股创新药ETF银华,指数型-股票
行业-医药医疗,创新药,命中关键词：创新药,医药/医疗/生物科技,159570,港股通创新药ETF汇添富,指数型-股票
行业-医药医疗,创新药,命中关键词：创新药,医药/医疗/生物科技,159622,创新药ETF东财,指数型-股票
行业-医药医疗,创新药,命中关键词：创新药,医药/医疗/生物科技,159748,创新药ETF富国,指数型-股票
行业-医药医疗,创新药,命中关键词：创新药,医药/医疗/生物科技,159835,创新药ETF建信,指数型-股票
行业-医药医疗,创新药,命中关键词：创新药,医药/医疗/生物科技,159858,创新药ETF南方,指数型-股票
行业-医药医疗,创新药,命中关键词：创新药,医药/医疗/生物科技,159992,创新药ETF银华,指数型-股票
行业-医药医疗,创新药,命中关键词：创新药,医药/医疗/生物科技,513780,港股创新药ETF景顺,指数型-股票
行业-医药医疗,创新药,命中关键词：创新药,医药/医疗/生物科技,515120,创新药ETF广发,指数型-股票
行业-医药医疗,创新药,命中关键词：创新药,医药/医疗/生物科技,516060,创新药ETF工银,指数型-股票
行业-医药医疗,创新药,命中关键词：创新药,医药/医疗/生物科技,516080,创新药ETF易方达,指数型-股票
行业-医药医疗,创新药,命中关键词：创新药,医药/医疗/生物科技,517110,创新药ETF国泰,指数型-股票
行业-医药医疗,创新药,命中关键词：创新药,医药/医疗/生物科技,517120,创新药ETF华泰柏瑞,指数型-股票
行业-医药医疗,创新药,命中关键词：创新药,医药/医疗/生物科技,517380,创新药ETF天弘,指数型-股票
行业-医药医疗,创新药,命中关键词：创新药,医药/医疗/生物科技,520690,港股创新药ETF博时,指数型-股票
行业-医药医疗,创新药,命中关键词：创新药,医药/医疗/生物科技,520700,港股通创新药ETF万家,指数型-股票
行业-医药医疗,创新药,命中关键词：创新药,医药/医疗/生物科技,520880,港股通创新药ETF华宝,指数型-股票
行业-医药医疗,创新药,命中关键词：创新药,医药/医疗/生物科技,520970,港股通创新药ETF嘉实,指数型-股票
行业-医药医疗,创新药,命中关键词：创新药,医药/医疗/生物科技,560900,创新药ETF摩根,指数型-股票
行业-医药医疗,创新药,命中关键词：创新药,医药/医疗/生物科技,589120,科创创新药ETF汇添富,指数型-股票
行业-医药医疗,创新药,命中关键词：创新药,医药/医疗/生物科技,589720,科创创新药ETF国泰,指数型-股票
行业-医药医疗,医疗器械,命中关键词：医疗器械,医药/医疗/生物科技,159051,医疗器械ETF易方达,指数型-股票
行业-医药医疗,医疗器械,命中关键词：医疗器械,医药/医疗/生物科技,159056,医疗器械ETF富国,指数型-股票
行业-医药医疗,医疗器械,命中关键词：医疗器械,医药/医疗/生物科技,159057,医疗器械ETF鹏华,指数型-股票
行业-医药医疗,医疗器械,命中关键词：医疗器械,医药/医疗/生物科技,159797,医疗器械ETF汇添富,指数型-股票
行业-医药医疗,医疗器械,命中关键词：医疗器械,医药/医疗/生物科技,159883,医疗器械ETF永赢,指数型-股票
行业-医药医疗,医疗器械,命中关键词：医疗器械,医药/医疗/生物科技,159898,医疗器械ETF招商,指数型-股票
行业-医药医疗,医疗器械,命中关键词：医疗器械,医药/医疗/生物科技,562600,医疗器械ETF华夏,指数型-股票
行业-医药医疗,医疗服务/医疗综合,命中关键词：医疗,医药/医疗/生物科技,159137,港股通医疗ETF华宝,指数型-股票
行业-医药医疗,医疗服务/医疗综合,命中关键词：医疗,医药/医疗/生物科技,159167,港股通医疗ETF工银,指数型-股票
行业-医药医疗,医疗服务/医疗综合,命中关键词：医疗,医药/医疗/生物科技,159366,港股医疗ETF永赢,指数型-股票
行业-医药医疗,医疗服务/医疗综合,命中关键词：医药,医药/医疗/生物科技,159377,创业板医药ETF国泰,指数型-股票
行业-医药医疗,医疗服务/医疗综合,命中关键词：医疗,医药/医疗/生物科技,159506,港股通医疗ETF富国,指数型-股票
行业-医药医疗,医疗服务/医疗综合,命中关键词：医药,医药/医疗/生物科技,159718,港股医药ETF平安,指数型-股票
行业-医药医疗,医疗服务/医疗综合,命中关键词：医疗,医药/医疗/生物科技,159760,医疗健康ETF泰康,指数型-股票
行业-医药医疗,医疗服务/医疗综合,命中关键词：医药,医药/医疗/生物科技,159776,港股医药ETF银华,指数型-股票
行业-医药医疗,医疗服务/医疗综合,命中关键词：医疗,医药/医疗/生物科技,159828,医疗ETF国泰,指数型-股票
行业-医药医疗,医疗服务/医疗综合,命中关键词：医药,医药/医疗/生物科技,159838,医药50ETF博时,指数型-股票
行业-医药医疗,医疗服务/医疗综合,命中关键词：医疗,医药/医疗/生物科技,159847,医疗ETF易方达,指数型-股票
行业-医药医疗,医疗服务/医疗综合,命中关键词：医疗,医药/医疗/生物科技,159873,医疗设备ETF天弘,指数型-股票
行业-医药医疗,医疗服务/医疗综合,命中关键词：医疗,医药/医疗/生物科技,159877,医疗ETF南方,指数型-股票
行业-医药医疗,医疗服务/医疗综合,命中关键词：医疗,医药/医疗/生物科技,159891,医疗ETF建信,指数型-股票
行业-医药医疗,医疗服务/医疗综合,命中关键词：医药,医药/医疗/生物科技,159929,医药ETF汇添富,指数型-股票
行业-医药医疗,医疗服务/医疗综合,命中关键词：医药,医药/医疗/生物科技,159938,医药ETF广发,指数型-股票
行业-医药医疗,医疗服务/医疗综合,命中关键词：医药,医药/医疗/生物科技,510660,医药ETF华夏,指数型-股票
行业-医药医疗,医疗服务/医疗综合,命中关键词：医药,医药/医疗/生物科技,512010,医药ETF易方达,指数型-股票
行业-医药医疗,医疗服务/医疗综合,命中关键词：医药,医药/医疗/生物科技,512120,医药ETF华安,指数型-股票
行业-医药医疗,医疗服务/医疗综合,命中关键词：医疗,医药/医疗/生物科技,512170,医疗ETF华宝,指数型-股票
行业-医药医疗,医疗服务/医疗综合,命中关键词：医药,医药/医疗/生物科技,513200,港股通医药ETF易方达,指数型-股票
行业-医药医疗,医疗服务/医疗综合,命中关键词：医疗,医药/医疗/生物科技,513620,港股医疗ETF银华,指数型-股票
行业-医药医疗,医疗服务/医疗综合,命中关键词：医药,医药/医疗/生物科技,513700,港股通医药ETF鹏华,指数型-股票
行业-医药医疗,医疗服务/医疗综合,命中关键词：医药,医药/医疗/生物科技,515950,医药50ETF富国,指数型-股票
行业-医药医疗,医疗服务/医疗综合,命中关键词：医药,医药/医疗/生物科技,515960,医药ETF嘉实,指数型-股票
行业-医药医疗,医疗服务/医疗综合,命中关键词：医疗,医药/医疗/生物科技,516610,医疗设备ETF大成,指数型-股票
行业-医药医疗,医疗服务/医疗综合,命中关键词：医疗,医药/医疗/生物科技,516790,医疗ETF华泰柏瑞,指数型-股票
行业-医药医疗,医疗服务/医疗综合,命中关键词：医疗,医药/医疗/生物科技,516820,医疗创新ETF平安,指数型-股票
行业-医药医疗,医疗服务/医疗综合,命中关键词：医药,医药/医疗/生物科技,517990,沪港深医药ETF招商,指数型-股票
行业-医药医疗,医疗服务/医疗综合,命中关键词：医疗,医药/医疗/生物科技,520510,港股通医疗ETF华夏,指数型-股票
行业-医药医疗,医疗服务/医疗综合,命中关键词：医疗,医药/医疗/生物科技,520850,港股通医疗ETF易方达,指数型-股票
行业-医药医疗,医疗服务/医疗综合,命中关键词：医疗,医药/医疗/生物科技,526010,港股通医疗ETF汇添富,指数型-股票
行业-医药医疗,医疗服务/医疗综合,命中关键词：医疗,医药/医疗/生物科技,560260,医疗ETF广发,指数型-股票
行业-医药医疗,医疗服务/医疗综合,未命中明确关键词，按一级行业归入医疗综合,医药/医疗/生物科技,562050,药ETF华宝,指数型-股票
行业-医药医疗,医疗服务/医疗综合,命中关键词：医药,医药/医疗/生物科技,588130,科创医药ETF华夏,指数型-股票
行业-医药医疗,医疗服务/医疗综合,命中关键词：医药,医药/医疗/生物科技,588250,科创医药ETF鹏华,指数型-股票
行业-医药医疗,医疗服务/医疗综合,命中关键词：医药,医药/医疗/生物科技,588700,科创医药ETF嘉实,指数型-股票
行业-医药医疗,医疗服务/医疗综合,命中关键词：医药,医药/医疗/生物科技,588860,科创医药ETF工银,指数型-股票
行业-医药医疗,生物科技/生物医药,命中关键词：生物科技,医药/医疗/生物科技,159102,港股通生物科技ETF华安,指数型-股票
行业-医药医疗,生物科技/生物医药,命中关键词：生物科技,医药/医疗/生物科技,159105,恒生生物科技ETF易方达,指数型-股票
行业-医药医疗,生物科技/生物医药,命中关键词：生物科技,医药/医疗/生物科技,159130,恒生生物科技ETF鹏华,指数型-股票
行业-医药医疗,生物科技/生物医药,命中关键词：生物科技,医药/医疗/生物科技,159132,恒生生物科技ETF富国,指数型-股票
行业-医药医疗,生物科技/生物医药,命中关键词：生物科技,医药/医疗/生物科技,159169,恒生生物科技ETF广发,指数型-股票
行业-医药医疗,生物科技/生物医药,命中关键词：生物医药,医药/医疗/生物科技,159508,生物医药ETF华安,指数型-股票
行业-医药医疗,生物科技/生物医药,命中关键词：生物科技,医药/医疗/生物科技,159837,生物科技ETF易方达,指数型-股票
行业-医药医疗,生物科技/生物医药,命中关键词：生物医药,医药/医疗/生物科技,159839,生物医药ETF汇添富,指数型-股票
行业-医药医疗,生物科技/生物医药,命中关键词：生物科技,医药/医疗/生物科技,159849,生物科技ETF招商,指数型-股票
行业-医药医疗,生物科技/生物医药,命中关键词：生物医药,医药/医疗/生物科技,159859,生物医药ETF天弘,指数型-股票
行业-医药医疗,生物科技/生物医药,命中关键词：生物医药,医药/医疗/生物科技,512290,生物医药ETF国泰,指数型-股票
行业-医药医疗,生物科技/生物医药,命中关键词：生物科技,医药/医疗/生物科技,513930,恒生生物科技ETF华泰柏瑞,指数型-股票
行业-医药医疗,生物科技/生物医药,命中关键词：生物科技,医药/医疗/生物科技,516500,生物科技ETF华夏,指数型-股票
行业-医药医疗,生物科技/生物医药,命中关键词：生物科技,医药/医疗/生物科技,516930,生物科技ETF民生加银,指数型-股票
行业-医药医疗,生物科技/生物医药,命中关键词：生物科技,医药/医疗/生物科技,520760,恒生生物科技ETF摩根,指数型-股票
行业-医药医疗,生物科技/生物医药,命中关键词：生物科技,医药/医疗/生物科技,520930,恒生生物科技ETF国泰,指数型-股票
行业-医药医疗,疫苗,补充分组：疫苗,医药/医疗/生物科技,159643,疫苗ETF国泰,指数型-股票
行业-医药医疗,疫苗,补充分组：疫苗,医药/医疗/生物科技,159645,疫苗ETF富国,指数型-股票
行业-医药医疗,疫苗,补充分组：疫苗,医药/医疗/生物科技,159657,疫苗ETF鹏华,指数型-股票
行业-医药医疗,疫苗,补充分组：疫苗,医药/医疗/生物科技,561920,疫苗ETF招商,指数型-股票
行业-医药医疗,疫苗,补充分组：疫苗,医药/医疗/生物科技,562860,疫苗ETF嘉实,指数型-股票
行业-周期资源,化工,命中关键词：化工,有色/煤炭/化工/能源/材料,159129,化工ETF嘉实,指数型-股票
行业-周期资源,化工,命中关键词：化工,有色/煤炭/化工/能源/材料,159133,化工ETF天弘,指数型-股票
行业-周期资源,化工,命中关键词：石化,有色/煤炭/化工/能源/材料,159731,石化ETF华夏,指数型-股票
行业-周期资源,化工,命中关键词：化工,有色/煤炭/化工/能源/材料,159870,化工ETF鹏华,指数型-股票
行业-周期资源,化工,命中关键词：化工,有色/煤炭/化工/能源/材料,516020,化工ETF华宝,指数型-股票
行业-周期资源,化工,命中关键词：化工,有色/煤炭/化工/能源/材料,516120,化工ETF富国,指数型-股票
行业-周期资源,化工,命中关键词：化工,有色/煤炭/化工/能源/材料,516220,化工ETF国泰,指数型-股票
行业-周期资源,化工,命中关键词：化工,有色/煤炭/化工/能源/材料,516570,化工行业ETF易方达,指数型-股票
行业-周期资源,有色金属,命中关键词：有色,有色/煤炭/化工/能源/材料,159029,广发中证有色金属矿业主题ETF,指数型-股票
行业-周期资源,有色金属,命中关键词：有色,有色/煤炭/化工/能源/材料,159032,工业有色ETF易方达,指数型-股票
行业-周期资源,有色金属,命中关键词：有色,有色/煤炭/化工/能源/材料,159157,有色金属ETF天弘,指数型-股票
行业-周期资源,有色金属,命中关键词：有色,有色/煤炭/化工/能源/材料,159162,工业有色ETF鹏华,指数型-股票
行业-周期资源,有色金属,命中关键词：有色,有色/煤炭/化工/能源/材料,159163,有色ETF泰康,指数型-股票
行业-周期资源,有色金属,命中关键词：有色,有色/煤炭/化工/能源/材料,159168,有色ETF富国,指数型-股票
行业-周期资源,有色金属,命中关键词：有色,有色/煤炭/化工/能源/材料,159171,工业有色ETF博时,指数型-股票
行业-周期资源,有色金属,命中关键词：有色,有色/煤炭/化工/能源/材料,159652,有色ETF汇添富,指数型-股票
行业-周期资源,有色金属,命中关键词：有色,有色/煤炭/化工/能源/材料,159690,有色矿业ETF招商,指数型-股票
行业-周期资源,有色金属,命中关键词：有色,有色/煤炭/化工/能源/材料,159871,有色ETF银华,指数型-股票
行业-周期资源,有色金属,命中关键词：有色,有色/煤炭/化工/能源/材料,159876,有色ETF华宝,指数型-股票
行业-周期资源,有色金属,命中关键词：有色,有色/煤炭/化工/能源/材料,159880,有色ETF鹏华,指数型-股票
行业-周期资源,有色金属,命中关键词：有色,有色/煤炭/化工/能源/材料,159881,有色金属ETF国泰,指数型-股票
行业-周期资源,有色金属,命中关键词：有色,有色/煤炭/化工/能源/材料,512400,有色金属ETF南方,指数型-股票
行业-周期资源,有色金属,命中关键词：有色,有色/煤炭/化工/能源/材料,512940,有色ETF华安,指数型-股票
行业-周期资源,有色金属,命中关键词：有色,有色/煤炭/化工/能源/材料,516650,有色金属ETF华夏,指数型-股票
行业-周期资源,有色金属,命中关键词：有色,有色/煤炭/化工/能源/材料,560290,有色ETF景顺,指数型-股票
行业-周期资源,有色金属,命中关键词：有色,有色/煤炭/化工/能源/材料,560470,有色ETF易方达,指数型-股票
行业-周期资源,有色金属,命中关键词：有色,有色/煤炭/化工/能源/材料,560490,工业有色ETF华泰柏瑞,指数型-股票
行业-周期资源,有色金属,命中关键词：有色,有色/煤炭/化工/能源/材料,560860,工业有色ETF万家,指数型-股票
行业-周期资源,有色金属,命中关键词：有色,有色/煤炭/化工/能源/材料,560870,工业有色ETF中银,指数型-股票
行业-周期资源,有色金属,命中关键词：有色,有色/煤炭/化工/能源/材料,560970,工业有色ETF平安,指数型-股票
行业-周期资源,石油天然气,命中关键词：石油,有色/煤炭/化工/能源/材料,159017,工银瑞信国证石油天然气ETF,指数型-股票
行业-周期资源,石油天然气,命中关键词：石油,有色/煤炭/化工/能源/材料,159018,广发国证石油天然气ETF,指数型-股票
行业-周期资源,石油天然气,命中关键词：石油,有色/煤炭/化工/能源/材料,159019,华宝国证石油天然气ETF,指数型-股票
行业-周期资源,石油天然气,命中关键词：石油,有色/煤炭/化工/能源/材料,159026,南方国证石油天然气ETF,指数型-股票
行业-周期资源,石油天然气,命中关键词：石油,有色/煤炭/化工/能源/材料,159148,石油ETF富国,指数型-股票
行业-周期资源,石油天然气,命中关键词：石油,有色/煤炭/化工/能源/材料,159181,石油ETF易方达,指数型-股票
行业-周期资源,石油天然气,命中关键词：石油,有色/煤炭/化工/能源/材料,159189,石油ETF华夏,指数型-股票
行业-周期资源,石油天然气,命中关键词：石油,有色/煤炭/化工/能源/材料,159195,华安国证石油天然气ETF,指数型-股票
行业-周期资源,石油天然气,命中关键词：石油,有色/煤炭/化工/能源/材料,159197,招商国证石油天然气ETF,指数型-股票
行业-周期资源,石油天然气,命中关键词：石油,有色/煤炭/化工/能源/材料,159199,平安国证石油天然气ETF,指数型-股票
行业-周期资源,石油天然气,命中关键词：油气,有色/煤炭/化工/能源/材料,159309,油气ETF汇添富,指数型-股票
行业-周期资源,石油天然气,命中关键词：石油,有色/煤炭/化工/能源/材料,159588,石油ETF景顺,指数型-股票
行业-周期资源,石油天然气,命中关键词：石油,有色/煤炭/化工/能源/材料,159697,石油ETF鹏华,指数型-股票
行业-周期资源,石油天然气,命中关键词：石油,有色/煤炭/化工/能源/材料,561360,石油ETF国泰,指数型-股票
行业-周期资源,石油天然气,命中关键词：油气,有色/煤炭/化工/能源/材料,561570,油气ETF华泰柏瑞,指数型-股票
行业-周期资源,石油天然气,命中关键词：油气,有色/煤炭/化工/能源/材料,561760,油气ETF博时,指数型-股票
行业-周期资源,石油天然气,命中关键词：油气,有色/煤炭/化工/能源/材料,563150,油气ETF银华,指数型-股票
行业-周期资源,稀有金属/稀土,命中关键词：稀有金属,有色/煤炭/化工/能源/材料,159045,稀有金属ETF大成,指数型-股票
行业-周期资源,稀有金属/稀土,命中关键词：稀有金属,有色/煤炭/化工/能源/材料,159053,稀有金属ETF华夏,指数型-股票
行业-周期资源,稀有金属/稀土,命中关键词：稀有金属,有色/煤炭/化工/能源/材料,159055,稀有金属ETF富国,指数型-股票
行业-周期资源,稀有金属/稀土,命中关键词：稀有金属,有色/煤炭/化工/能源/材料,159062,稀有金属ETF南方,指数型-股票
行业-周期资源,稀有金属/稀土,命中关键词：稀有金属,有色/煤炭/化工/能源/材料,159608,稀有金属ETF广发,指数型-股票
行业-周期资源,稀有金属/稀土,命中关键词：稀有金属,有色/煤炭/化工/能源/材料,159671,稀有金属ETF工银,指数型-股票
行业-周期资源,稀有金属/稀土,命中关键词：稀土,有色/煤炭/化工/能源/材料,159713,稀土ETF富国,指数型-股票
行业-周期资源,稀有金属/稀土,命中关键词：稀土,有色/煤炭/化工/能源/材料,159715,稀土ETF易方达,指数型-股票
行业-周期资源,稀有金属/稀土,命中关键词：稀土,有色/煤炭/化工/能源/材料,516150,稀土ETF嘉实,指数型-股票
行业-周期资源,稀有金属/稀土,命中关键词：稀土,有色/煤炭/化工/能源/材料,516780,稀土ETF华泰柏瑞,指数型-股票
行业-周期资源,稀有金属/稀土,命中关键词：稀有金属,有色/煤炭/化工/能源/材料,561050,稀有金属ETF易方达,指数型-股票
行业-周期资源,稀有金属/稀土,命中关键词：稀有金属,有色/煤炭/化工/能源/材料,561800,稀有金属ETF华富,指数型-股票
行业-周期资源,稀有金属/稀土,命中关键词：稀有金属,有色/煤炭/化工/能源/材料,562800,稀有金属ETF嘉实,指数型-股票
行业-周期资源,能源综合,补充分组：能源,有色/煤炭/化工/能源/材料,159930,能源ETF汇添富,指数型-股票
行业-周期资源,能源综合,补充分组：能源,有色/煤炭/化工/能源/材料,159945,能源ETF广发,指数型-股票
行业-周期资源,能源综合,补充分组：能源,有色/煤炭/化工/能源/材料,561260,能源ETF工银,指数型-股票
行业-周期资源,能源综合,补充分组：能源,有色/煤炭/化工/能源/材料,561790,央企能源ETF博时,指数型-股票
行业-周期资源,能源综合,补充分组：能源,有色/煤炭/化工/能源/材料,562010,绿色能源ETF华宝,指数型-股票
行业-周期资源,能源综合,补充分组：能源,有色/煤炭/化工/能源/材料,562850,央企能源ETF嘉实,指数型-股票
行业-周期资源,钢铁煤炭,命中关键词：钢铁,有色/煤炭/化工/能源/材料,515210,钢铁ETF国泰,指数型-股票
行业-周期资源,钢铁煤炭,命中关键词：煤炭,有色/煤炭/化工/能源/材料,515220,煤炭ETF国泰,指数型-股票
行业-周期资源,黄金股/资源综合,命中关键词：黄金股,黄金股/有色/煤炭/化工/能源/材料,159315,黄金股ETF工银,指数型-股票
行业-周期资源,黄金股/资源综合,命中关键词：黄金股,黄金股/有色/煤炭/化工/能源/材料,159321,黄金股ETF华安,指数型-股票
行业-周期资源,黄金股/资源综合,命中关键词：黄金股,黄金股/有色/煤炭/化工/能源/材料,159322,黄金股ETF平安,指数型-股票
行业-周期资源,黄金股/资源综合,命中关键词：黄金股,黄金股/有色/煤炭/化工/能源/材料,159562,黄金股ETF华夏,指数型-股票
行业-周期资源,黄金股/资源综合,命中关键词：材料,有色/煤炭/化工/能源/材料,159703,新材料ETF天弘,指数型-股票
行业-周期资源,黄金股/资源综合,命中关键词：材料,有色/煤炭/化工/能源/材料,159761,新材料ETF国泰,指数型-股票
行业-周期资源,黄金股/资源综合,命中关键词：材料,有色/煤炭/化工/能源/材料,159763,新材料ETF建信,指数型-股票
行业-周期资源,黄金股/资源综合,命中关键词：材料,有色/煤炭/化工/能源/材料,159944,材料ETF广发,指数型-股票
行业-周期资源,黄金股/资源综合,命中关键词：大宗商品,黄金股/有色/煤炭/化工/能源/材料,510170,大宗商品ETF国联安,指数型-股票
行业-周期资源,黄金股/资源综合,命中关键词：资源,有色/煤炭/化工/能源/材料,510410,资源ETF博时,指数型-股票
行业-周期资源,黄金股/资源综合,命中关键词：材料,有色/煤炭/化工/能源/材料,516360,新材料ETF华宝,指数型-股票
行业-周期资源,黄金股/资源综合,命中关键词：材料,有色/煤炭/化工/能源/材料,516710,新材料ETF华夏,指数型-股票
行业-周期资源,黄金股/资源综合,命中关键词：材料,有色/煤炭/化工/能源/材料,516890,新材料ETF平安,指数型-股票
行业-周期资源,黄金股/资源综合,命中关键词：黄金股,黄金股/有色/煤炭/化工/能源/材料,517400,黄金股ETF国泰,指数型-股票
行业-周期资源,黄金股/资源综合,命中关键词：黄金股,黄金股/有色/煤炭/化工/能源/材料,517520,黄金股ETF永赢,指数型-股票
行业-周期资源,黄金股/资源综合,命中关键词：矿业,有色/煤炭/化工/能源/材料,561330,矿业ETF国泰,指数型-股票
行业-周期资源,黄金股/资源综合,命中关键词：材料,有色/煤炭/化工/能源/材料,588010,科创新材料ETF博时,指数型-股票
行业-周期资源,黄金股/资源综合,命中关键词：材料,有色/煤炭/化工/能源/材料,588160,科创新材料ETF南方,指数型-股票
行业-周期资源,黄金股/资源综合,命中关键词：材料,有色/煤炭/化工/能源/材料,589180,科创新材料ETF汇添富,指数型-股票
行业-地产建筑,基建,命中关键词：基建,地产/建筑/建材/基建,159619,基建ETF国泰,指数型-股票
行业-地产建筑,基建,命中关键词：基建,地产/建筑/建材/基建,159635,基建ETF华夏,指数型-股票
行业-地产建筑,基建,命中关键词：基建,地产/建筑/建材/基建,516950,基建ETF银华,指数型-股票
行业-地产建筑,基建,命中关键词：基建,地产/建筑/建材/基建,516970,基建ETF广发,指数型-股票
行业-地产建筑,建材,命中关键词：建材,地产/建筑/建材/基建,159745,建材ETF国泰,指数型-股票
行业-地产建筑,建材,命中关键词：建材,地产/建筑/建材/基建,159787,建材ETF易方达,指数型-股票
行业-地产建筑,建材,命中关键词：建材,地产/建筑/建材/基建,516750,建材ETF富国,指数型-股票
行业-地产建筑,房地产,命中关键词：地产,地产/建筑/建材/基建,159707,地产ETF华宝,指数型-股票
行业-地产建筑,房地产,命中关键词：房地产,地产/建筑/建材/基建,159768,房地产ETF银华,指数型-股票
行业-地产建筑,房地产,命中关键词：房地产,地产/建筑/建材/基建,512200,房地产ETF南方,指数型-股票
行业-地产建筑,房地产,命中关键词：房地产,地产/建筑/建材/基建,515060,房地产ETF华夏,指数型-股票
行业-新能源电力,光伏,命中关键词：光伏,新能源/电池/光伏/电力,159123,光伏ETF嘉实,指数型-股票
行业-新能源电力,光伏,命中关键词：光伏,新能源/电池/光伏/电力,159609,光伏ETF浦银,指数型-股票
行业-新能源电力,光伏,命中关键词：光伏,新能源/电池/光伏/电力,159618,光伏ETF华安,指数型-股票
行业-新能源电力,光伏,命中关键词：光伏,新能源/电池/光伏/电力,159857,光伏ETF天弘,指数型-股票
行业-新能源电力,光伏,命中关键词：光伏,新能源/电池/光伏/电力,159863,光伏ETF鹏华,指数型-股票
行业-新能源电力,光伏,命中关键词：光伏,新能源/电池/光伏/电力,159864,光伏ETF国泰,指数型-股票
行业-新能源电力,光伏,命中关键词：光伏,新能源/电池/光伏/电力,515370,光伏ETF华夏,指数型-股票
行业-新能源电力,光伏,命中关键词：光伏,新能源/电池/光伏/电力,515790,光伏ETF华泰柏瑞,指数型-股票
行业-新能源电力,光伏,命中关键词：光伏,新能源/电池/光伏/电力,516180,光伏ETF平安,指数型-股票
行业-新能源电力,光伏,命中关键词：光伏,新能源/电池/光伏/电力,516230,光伏ETF招商,指数型-股票
行业-新能源电力,光伏,命中关键词：光伏,新能源/电池/光伏/电力,516290,光伏ETF汇添富,指数型-股票
行业-新能源电力,光伏,命中关键词：光伏,新能源/电池/光伏/电力,516880,光伏ETF银华,指数型-股票
行业-新能源电力,光伏,命中关键词：光伏,新能源/电池/光伏/电力,560230,光伏ETF富国,指数型-股票
行业-新能源电力,光伏,命中关键词：光伏,新能源/电池/光伏/电力,560310,光伏ETF博时,指数型-股票
行业-新能源电力,光伏,命中关键词：光伏,新能源/电池/光伏/电力,560980,光伏龙头ETF广发,指数型-股票
行业-新能源电力,光伏,命中关键词：光伏,新能源/电池/光伏/电力,562970,光伏ETF易方达,指数型-股票
行业-新能源电力,新能源综合,命中关键词：新能源,新能源/电池/光伏/电力,159009,易方达创业板新能源ETF,指数型-股票
行业-新能源电力,新能源综合,命中关键词：新能源,新能源/电池/光伏/电力,159122,创业板新能源ETF富国,指数型-股票
行业-新能源电力,新能源综合,命中关键词：新能源,新能源/电池/光伏/电力,159149,创业板新能源ETF工银,指数型-股票
行业-新能源电力,新能源综合,命中关键词：新能源,新能源/电池/光伏/电力,159187,创业板新能源ETF景顺,指数型-股票
行业-新能源电力,新能源综合,命中关键词：新能源,新能源/电池/光伏/电力,159190,创业板新能源ETF天弘,指数型-股票
行业-新能源电力,新能源综合,命中关键词：新能源,新能源/电池/光伏/电力,159261,创业板新能源ETF鹏华,指数型-股票
行业-新能源电力,新能源综合,命中关键词：新能源,新能源/电池/光伏/电力,159368,创业板新能源ETF华夏,指数型-股票
行业-新能源电力,新能源综合,命中关键词：新能源,新能源/电池/光伏/电力,159387,创业板新能源ETF国泰,指数型-股票
行业-新能源电力,新能源综合,命中关键词：新能源,新能源/电池/光伏/电力,159752,新能源ETF申万菱信,指数型-股票
行业-新能源电力,新能源综合,命中关键词：新能源,新能源/电池/光伏/电力,159875,新能源ETF嘉实,指数型-股票
行业-新能源电力,新能源综合,命中关键词：新能源,新能源/电池/光伏/电力,516090,新能源ETF易方达,指数型-股票
行业-新能源电力,新能源综合,命中关键词：新能源,新能源/电池/光伏/电力,516160,新能源ETF南方,指数型-股票
行业-新能源电力,新能源综合,命中关键词：新能源,新能源/电池/光伏/电力,516270,新能源ETF华安,指数型-股票
行业-新能源电力,新能源综合,命中关键词：新能源,新能源/电池/光伏/电力,516580,新能源ETF博时,指数型-股票
行业-新能源电力,新能源综合,命中关键词：新能源,新能源/电池/光伏/电力,516850,新能源ETF华夏,指数型-股票
行业-新能源电力,新能源综合,命中关键词：新能源,新能源/电池/光伏/电力,588830,科创新能源ETF鹏华,指数型-股票
行业-新能源电力,新能源综合,命中关键词：新能源,新能源/电池/光伏/电力,588960,科创新能源ETF富国,指数型-股票
行业-新能源电力,新能源综合,命中关键词：新能源,新能源/电池/光伏/电力,589960,科创新能源ETF易方达,指数型-股票
行业-新能源电力,电池/锂电,命中关键词：电池,新能源/电池/光伏/电力,159052,新能源电池ETF嘉实,指数型-股票
行业-新能源电力,电池/锂电,命中关键词：电池,新能源/电池/光伏/电力,159071,新能源电池ETF华宝,指数型-股票
行业-新能源电力,电池/锂电,命中关键词：电池,新能源/电池/光伏/电力,159147,电池ETF南方,指数型-股票
行业-新能源电力,电池/锂电,命中关键词：电池,新能源/电池/光伏/电力,159155,电池ETF大成,指数型-股票
行业-新能源电力,电池/锂电,命中关键词：电池,新能源/电池/光伏/电力,159156,电池ETF万家,指数型-股票
行业-新能源电力,电池/锂电,命中关键词：电池,新能源/电池/光伏/电力,159160,电池ETF东财,指数型-股票
行业-新能源电力,电池/锂电,命中关键词：电池,新能源/电池/光伏/电力,159175,电池ETF易方达,指数型-股票
行业-新能源电力,电池/锂电,命中关键词：电池,新能源/电池/光伏/电力,159193,新能源电池ETF银华,指数型-股票
行业-新能源电力,电池/锂电,双命中电池/锂电与储能，按主类归入：电池/锂电,新能源/电池/光伏/电力,159305,储能电池ETF广发,指数型-股票
行业-新能源电力,电池/锂电,双命中电池/锂电与储能，按主类归入：电池/锂电,新能源/电池/光伏/电力,159566,储能电池ETF易方达,指数型-股票
行业-新能源电力,电池/锂电,命中关键词：电池,新能源/电池/光伏/电力,159755,电池ETF广发,指数型-股票
行业-新能源电力,电池/锂电,命中关键词：电池,新能源/电池/光伏/电力,159757,电池ETF景顺,指数型-股票
行业-新能源电力,电池/锂电,命中关键词：电池,新能源/电池/光伏/电力,159767,电池龙头ETF兴银,指数型-股票
行业-新能源电力,电池/锂电,命中关键词：电池,新能源/电池/光伏/电力,159775,电池ETF建信,指数型-股票
行业-新能源电力,电池/锂电,命中关键词：电池,新能源/电池/光伏/电力,159796,电池ETF汇添富,指数型-股票
行业-新能源电力,电池/锂电,命中关键词：电池,新能源/电池/光伏/电力,159840,锂电池ETF工银,指数型-股票
行业-新能源电力,电池/锂电,命中关键词：电池,新能源/电池/光伏/电力,512460,电池ETF华夏,指数型-股票
行业-新能源电力,电池/锂电,命中关键词：电池,新能源/电池/光伏/电力,560410,电池ETF鹏华,指数型-股票
行业-新能源电力,电池/锂电,命中关键词：电池,新能源/电池/光伏/电力,560910,电池ETF华泰柏瑞,指数型-股票
行业-新能源电力,电池/锂电,命中关键词：电池,新能源/电池/光伏/电力,561160,电池ETF富国,指数型-股票
行业-新能源电力,电池/锂电,命中关键词：电池,新能源/电池/光伏/电力,561910,电池ETF招商,指数型-股票
行业-新能源电力,电池/锂电,命中关键词：电池,新能源/电池/光伏/电力,562880,电池ETF嘉实,指数型-股票
行业-新能源电力,绿电/电力,命中关键词：绿电,新能源/电池/光伏/电力,159046,绿电ETF天弘,指数型-股票
行业-新能源电力,绿电/电力,命中关键词：绿色电力,新能源/电池/光伏/电力,159061,绿色电力ETF南方,指数型-股票
行业-新能源电力,绿电/电力,命中关键词：电力,新能源/电池/光伏/电力,159146,电力ETF华宝,指数型-股票
行业-新能源电力,绿电/电力,命中关键词：电力,新能源/电池/光伏/电力,159158,电力ETF景顺,指数型-股票
行业-新能源电力,绿电/电力,命中关键词：公用事业,新能源/电池/光伏/电力,159159,公用事业ETF国投瑞银,指数型-股票
行业-新能源电力,绿电/电力,命中关键词：公用事业,新能源/电池/光伏/电力,159301,公用事业ETF华夏,指数型-股票
行业-新能源电力,绿电/电力,命中关键词：电网,新能源/电池/光伏/电力,159320,电网设备ETF广发,指数型-股票
行业-新能源电力,绿电/电力,命中关键词：电网,新能源/电池/光伏/电力,159326,电网设备ETF华夏,指数型-股票
行业-新能源电力,绿电/电力,命中关键词：电力,新能源/电池/光伏/电力,159611,电力ETF广发,指数型-股票
行业-新能源电力,绿电/电力,命中关键词：绿色电力,新能源/电池/光伏/电力,159625,绿色电力ETF嘉实,指数型-股票
行业-新能源电力,绿电/电力,命中关键词：绿色电力,新能源/电池/光伏/电力,159669,绿色电力ETF国泰,指数型-股票
行业-新能源电力,绿电/电力,命中关键词：电力,新能源/电池/光伏/电力,512140,电力ETF华安,指数型-股票
行业-新能源电力,绿电/电力,命中关键词：电力,新能源/电池/光伏/电力,516370,电力ETF汇添富,指数型-股票
行业-新能源电力,绿电/电力,命中关键词：公用事业,新能源/电池/光伏/电力,560190,公用事业ETF鹏华,指数型-股票
行业-新能源电力,绿电/电力,命中关键词：电力,新能源/电池/光伏/电力,560270,电力ETF工银,指数型-股票
行业-新能源电力,绿电/电力,命中关键词：电网,新能源/电池/光伏/电力,560390,电网设备ETF易方达,指数型-股票
行业-新能源电力,绿电/电力,命中关键词：电力,新能源/电池/光伏/电力,560450,电力ETF天弘,指数型-股票
行业-新能源电力,绿电/电力,命中关键词：电力,新能源/电池/光伏/电力,560460,电力ETF平安,指数型-股票
行业-新能源电力,绿电/电力,命中关键词：电力,新能源/电池/光伏/电力,560480,电力ETF招商,指数型-股票
行业-新能源电力,绿电/电力,命中关键词：电力,新能源/电池/光伏/电力,560580,电力ETF南方,指数型-股票
行业-新能源电力,绿电/电力,命中关键词：公用事业,新能源/电池/光伏/电力,560620,公用事业ETF万家,指数型-股票
行业-新能源电力,绿电/电力,命中关键词：电力,新能源/电池/光伏/电力,560830,电力ETF华夏,指数型-股票
行业-新能源电力,绿电/电力,命中关键词：电力,新能源/电池/光伏/电力,560930,电力ETF易方达,指数型-股票
行业-新能源电力,绿电/电力,命中关键词：绿色电力,新能源/电池/光伏/电力,561170,绿色电力ETF富国,指数型-股票
行业-新能源电力,绿电/电力,命中关键词：电网,新能源/电池/光伏/电力,561380,电网设备ETF国泰,指数型-股票
行业-新能源电力,绿电/电力,命中关键词：电力,新能源/电池/光伏/电力,561560,电力ETF华泰柏瑞,指数型-股票
行业-新能源电力,绿电/电力,命中关键词：电力,新能源/电池/光伏/电力,561700,电力ETF博时,指数型-股票
行业-新能源电力,绿电/电力,命中关键词：电力,新能源/电池/光伏/电力,562350,电力ETF银华,指数型-股票
行业-新能源电力,绿电/电力,命中关键词：绿电,新能源/电池/光伏/电力,562550,绿电ETF华夏,指数型-股票
行业-新能源电力,绿电/电力,命中关键词：绿色电力,新能源/电池/光伏/电力,562960,绿色电力ETF易方达,指数型-股票
行业-汽车,新能源汽车,命中关键词：新能源车,汽车/新能源车/智能车,159183,新能源车ETF招商,指数型-股票
行业-汽车,新能源汽车,命中关键词：新能源车,汽车/新能源车/智能车,159637,新能源车ETF东财,指数型-股票
行业-汽车,新能源汽车,命中关键词：新能源车,汽车/新能源车/智能车,159806,新能源车ETF国泰,指数型-股票
行业-汽车,新能源汽车,命中关键词：新能源车,汽车/新能源车/智能车,159824,新能源车ETF博时,指数型-股票
行业-汽车,新能源汽车,命中关键词：新能源车,汽车/新能源车/智能车,515030,新能源车ETF华夏,指数型-股票
行业-汽车,新能源汽车,命中关键词：新能源车,汽车/新能源车/智能车,515700,新能源车ETF平安,指数型-股票
行业-汽车,新能源汽车,命中关键词：电动车,汽车/新能源车/智能车,516380,智能电动车ETF华宝,指数型-股票
行业-汽车,新能源汽车,命中关键词：新能源车,汽车/新能源车/智能车,516390,新能源车ETF汇添富,指数型-股票
行业-汽车,新能源汽车,命中关键词：新能源车,汽车/新能源车/智能车,516660,新能源车ETF华安,指数型-股票
行业-汽车,新能源汽车,命中关键词：智能电车,汽车/新能源车/智能车,560000,智能电车ETF浦银,指数型-股票
行业-汽车,智能汽车/智能驾驶,命中关键词：智能车,汽车/新能源车/智能车,159720,智能车ETF泰康,指数型-股票
行业-汽车,智能汽车/智能驾驶,命中关键词：智能汽车,汽车/新能源车/智能车,159795,智能汽车ETF汇添富,指数型-股票
行业-汽车,智能汽车/智能驾驶,命中关键词：智能网联,汽车/新能源车/智能车,159872,智能网联汽车ETF鹏华,指数型-股票
行业-汽车,智能汽车/智能驾驶,命中关键词：智能汽车,汽车/新能源车/智能车,159888,智能汽车ETF华夏,指数型-股票
行业-汽车,智能汽车/智能驾驶,命中关键词：智能汽车,汽车/新能源车/智能车,159889,智能汽车ETF国泰,指数型-股票
行业-汽车,智能汽车/智能驾驶,命中关键词：智能汽车,汽车/新能源车/智能车,515250,智能汽车ETF富国,指数型-股票
行业-汽车,智能汽车/智能驾驶,命中关键词：智能驾驶,汽车/新能源车/智能车,516520,智能驾驶ETF华泰柏瑞,指数型-股票
行业-汽车,智能汽车/智能驾驶,命中关键词：智能汽车,汽车/新能源车/智能车,516590,智能汽车ETF易方达,指数型-股票
行业-汽车,汽车综合,命中关键词：汽车,汽车/新能源车/智能车,159028,港股汽车ETF天弘,指数型-股票
行业-汽车,汽车综合,命中关键词：汽车,汽车/新能源车/智能车,159121,港股通汽车ETF易方达,指数型-股票
行业-汽车,汽车综合,命中关键词：汽车,汽车/新能源车/智能车,159186,鹏华恒生港股通汽车主题ETF,指数型-股票
行业-汽车,汽车综合,命中关键词：汽车,汽车/新能源车/智能车,159210,港股通汽车ETF汇添富,指数型-股票
行业-汽车,汽车综合,命中关键词：汽车,汽车/新能源车/智能车,159237,港股汽车ETF工银,指数型-股票
行业-汽车,汽车综合,命中关键词：汽车,汽车/新能源车/智能车,159239,港股通汽车ETF富国,指数型-股票
行业-汽车,汽车综合,命中关键词：汽车,汽车/新能源车/智能车,159323,港股通汽车ETF华夏,指数型-股票
行业-汽车,汽车综合,命中关键词：汽车,汽车/新能源车/智能车,159512,汽车ETF广发,指数型-股票
行业-汽车,汽车综合,命中关键词：汽车,汽车/新能源车/智能车,516110,汽车ETF国泰,指数型-股票
行业-汽车,汽车综合,命中关键词：汽车,汽车/新能源车/智能车,516840,汽车ETF南方,指数型-股票
行业-汽车,汽车综合,命中关键词：汽车,汽车/新能源车/智能车,520600,港股通汽车ETF广发,指数型-股票
行业-汽车,汽车综合,命中关键词：汽车,汽车/新能源车/智能车,520680,港股通汽车ETF南方,指数型-股票
行业-汽车,汽车综合,命中关键词：汽车,汽车/新能源车/智能车,520720,港股汽车ETF国泰,指数型-股票
行业-汽车,汽车综合,命中关键词：汽车,汽车/新能源车/智能车,520730,港股通汽车ETF万家,指数型-股票
行业-汽车,汽车综合,命中关键词：汽车,汽车/新能源车/智能车,520780,港股通汽车ETF华宝,指数型-股票
行业-汽车,汽车零部件,命中关键词：汽车零部件,汽车/新能源车/智能车,159306,汽车零部件ETF平安,指数型-股票
行业-汽车,汽车零部件,命中关键词：汽车零部件,汽车/新能源车/智能车,159565,汽车零部件ETF易方达,指数型-股票
行业-汽车,汽车零部件,命中关键词：汽车零部件,汽车/新能源车/智能车,562700,汽车零部件ETF华夏,指数型-股票
行业-消费,家电,命中关键词：家电,食品饮料/白酒/家电/旅游,159192,汇添富中证家电龙头ETF,指数型-股票
行业-消费,家电,命中关键词：家电,食品饮料/白酒/家电/旅游,159328,家电ETF易方达,指数型-股票
行业-消费,家电,命中关键词：家电,食品饮料/白酒/家电/旅游,159730,家电ETF博时,指数型-股票
行业-消费,家电,命中关键词：家电,食品饮料/白酒/家电/旅游,159996,家电ETF国泰,指数型-股票
行业-消费,家电,命中关键词：家电,食品饮料/白酒/家电/旅游,512430,家居家电ETF华泰柏瑞,指数型-股票
行业-消费,家电,命中关键词：家电,食品饮料/白酒/家电/旅游,515640,家电ETF华夏,指数型-股票
行业-消费,家电,命中关键词：家电,食品饮料/白酒/家电/旅游,515730,家居家电ETF永赢,指数型-股票
行业-消费,家电,命中关键词：家电,食品饮料/白酒/家电/旅游,560880,家电ETF广发,指数型-股票
行业-消费,家电,命中关键词：家电,食品饮料/白酒/家电/旅游,561120,家电ETF富国,指数型-股票
行业-消费,旅游文娱,命中关键词：旅游,食品饮料/白酒/家电/旅游,159766,旅游ETF富国,指数型-股票
行业-消费,旅游文娱,命中关键词：旅游,食品饮料/白酒/家电/旅游,562510,旅游ETF华夏,指数型-股票
行业-消费,消费综合,命中关键词：消费,食品饮料/白酒/家电/旅游,159245,港股通消费ETF富国,指数型-股票
行业-消费,消费综合,命中关键词：消费,食品饮料/白酒/家电/旅游,159265,港股消费ETF鹏华,指数型-股票
行业-消费,消费综合,命中关键词：消费,食品饮料/白酒/家电/旅游,159268,港股通消费ETF汇添富,指数型-股票
行业-消费,消费综合,命中关键词：消费,食品饮料/白酒/家电/旅游,159285,港股通消费ETF华安,指数型-股票
行业-消费,消费综合,命中关键词：消费,食品饮料/白酒/家电/旅游,159520,消费龙头ETF工银,指数型-股票
行业-消费,消费综合,命中关键词：消费,食品饮料/白酒/家电/旅游,159670,消费50ETF国联安,指数型-股票
行业-消费,消费综合,命中关键词：消费,食品饮料/白酒/家电/旅游,159672,消费ETF博时,指数型-股票
行业-消费,消费综合,命中关键词：消费,食品饮料/白酒/家电/旅游,159689,消费ETF南方,指数型-股票
行业-消费,消费综合,命中关键词：消费,食品饮料/白酒/家电/旅游,159735,港股消费ETF银华,指数型-股票
行业-消费,消费综合,命中关键词：消费,食品饮料/白酒/家电/旅游,159798,消费ETF易方达,指数型-股票
行业-消费,消费综合,命中关键词：消费,食品饮料/白酒/家电/旅游,159928,消费ETF汇添富,指数型-股票
行业-消费,消费综合,命中关键词：消费,食品饮料/白酒/家电/旅游,159936,可选消费ETF广发,指数型-股票
行业-消费,消费综合,命中关键词：消费,食品饮料/白酒/家电/旅游,510150,消费ETF招商,指数型-股票
行业-消费,消费综合,命中关键词：消费,食品饮料/白酒/家电/旅游,510630,消费ETF华夏,指数型-股票
行业-消费,消费综合,命中关键词：消费,食品饮料/白酒/家电/旅游,512600,消费ETF嘉实,指数型-股票
行业-消费,消费综合,命中关键词：消费,食品饮料/白酒/家电/旅游,513070,港股通消费ETF易方达,指数型-股票
行业-消费,消费综合,命中关键词：消费,食品饮料/白酒/家电/旅游,513230,港股通消费ETF华夏,指数型-股票
行业-消费,消费综合,命中关键词：消费,食品饮料/白酒/家电/旅游,513590,港股通消费ETF鹏华,指数型-股票
行业-消费,消费综合,命中关键词：消费,食品饮料/白酒/家电/旅游,515650,消费50ETF富国,指数型-股票
行业-消费,消费综合,命中关键词：消费,食品饮料/白酒/家电/旅游,515920,智能消费ETF博时,指数型-股票
行业-消费,消费综合,命中关键词：消费,食品饮料/白酒/家电/旅游,516130,消费龙头ETF华宝,指数型-股票
行业-消费,消费综合,未命中明确关键词，按一级行业归入综合,食品饮料/白酒/家电/旅游,516560,养老ETF华宝,指数型-股票
行业-消费,消费综合,命中关键词：消费,食品饮料/白酒/家电/旅游,516600,消费服务ETF工银,指数型-股票
行业-消费,消费综合,命中关键词：消费,食品饮料/白酒/家电/旅游,517550,沪港深消费龙头ETF招商,指数型-股票
行业-消费,消费综合,命中关键词：消费,食品饮料/白酒/家电/旅游,517880,品牌消费ETF华泰柏瑞,指数型-股票
行业-消费,消费综合,命中关键词：消费,食品饮料/白酒/家电/旅游,520620,恒生消费ETF嘉实,指数型-股票
行业-消费,消费综合,命中关键词：消费,食品饮料/白酒/家电/旅游,560680,消费ETF广发,指数型-股票
行业-消费,消费综合,命中关键词：国货,食品饮料/白酒/家电/旅游,561130,国货ETF富国,指数型-股票
行业-消费,消费综合,未命中明确关键词，按一级行业归入综合,食品饮料/白酒/家电/旅游,561310,消电ETF国泰,指数型-股票
行业-消费,消费综合,命中关键词：消费,食品饮料/白酒/家电/旅游,562580,可选消费ETF华夏,指数型-股票
行业-消费,白酒,命中关键词：酒,食品饮料/白酒/家电/旅游,512690,酒ETF鹏华,指数型-股票
行业-消费,线上消费,命中关键词：线上消费,食品饮料/白酒/家电/旅游,159725,线上消费ETF工银,指数型-股票
行业-消费,线上消费,命中关键词：在线消费,食品饮料/白酒/家电/旅游,159728,在线消费ETF南方,指数型-股票
行业-消费,线上消费,命中关键词：线上消费,食品饮料/白酒/家电/旅游,159793,线上消费ETF平安,指数型-股票
行业-消费,食品饮料,命中关键词：食品,食品饮料/白酒/家电/旅游,159151,食品ETF华夏,指数型-股票
行业-消费,食品饮料,命中关键词：食品饮料,食品饮料/白酒/家电/旅游,159736,食品饮料ETF天弘,指数型-股票
行业-消费,食品饮料,命中关键词：食品饮料,食品饮料/白酒/家电/旅游,159843,食品饮料ETF招商,指数型-股票
行业-消费,食品饮料,命中关键词：食品饮料,食品饮料/白酒/家电/旅游,159862,食品饮料ETF银华,指数型-股票
行业-消费,食品饮料,命中关键词：食品饮料,食品饮料/白酒/家电/旅游,515170,食品饮料ETF华夏,指数型-股票
行业-消费,食品饮料,命中关键词：食品饮料,食品饮料/白酒/家电/旅游,515710,食品饮料ETF华宝,指数型-股票
行业-消费,食品饮料,命中关键词：食品饮料,食品饮料/白酒/家电/旅游,516900,食品饮料ETF华安,指数型-股票
行业-消费,食品饮料,命中关键词：食品,食品饮料/白酒/家电/旅游,560130,食品ETF鹏华,指数型-股票
行业-消费,食品饮料,命中关键词：食品,食品饮料/白酒/家电/旅游,560160,食品ETF易方达,指数型-股票
行业-消费,食品饮料,命中关键词：食品,食品饮料/白酒/家电/旅游,560320,食品ETF富国,指数型-股票
行业-消费,食品饮料,命中关键词：食品,食品饮料/白酒/家电/旅游,560420,食品ETF前海开源,指数型-股票
行业-消费,食品饮料,命中关键词：食品,食品饮料/白酒/家电/旅游,563850,食品ETF广发,指数型-股票
行业-环保低碳,环保/长江保护,命中关键词：环保,环保/碳中和,512580,环保ETF广发,指数型-股票
行业-环保低碳,环保/长江保护,命中关键词：长江保护,环保/碳中和,517160,长江保护ETF南方,指数型-股票
行业-环保低碳,环保/长江保护,命中关键词：长江保护,环保/碳中和,517330,长江保护ETF易方达,指数型-股票
行业-环保低碳,碳中和/低碳,命中关键词：碳中和,环保/碳中和,159639,碳中和ETF南方,指数型-股票
行业-环保低碳,碳中和/低碳,命中关键词：碳中和,环保/碳中和,159640,碳中和龙头ETF工银,指数型-股票
行业-环保低碳,碳中和/低碳,命中关键词：碳中和,环保/碳中和,159641,碳中和ETF招商,指数型-股票
行业-环保低碳,碳中和/低碳,命中关键词：碳中和,环保/碳中和,159642,碳中和ETF大成,指数型-股票
行业-环保低碳,碳中和/低碳,命中关键词：碳中和,环保/碳中和,159790,碳中和ETF华夏,指数型-股票
行业-环保低碳,碳中和/低碳,命中关键词：碳中和,环保/碳中和,159861,碳中和50ETF国泰,指数型-股票
行业-环保低碳,碳中和/低碳,命中关键词：碳中和,环保/碳中和,159885,碳中和ETF鹏华,指数型-股票
行业-环保低碳,碳中和/低碳,命中关键词：低碳,环保/碳中和,516070,低碳ETF易方达,指数型-股票
行业-环保低碳,碳中和/低碳,命中关键词：碳中和,环保/碳中和,560060,碳中和ETF汇添富,指数型-股票
行业-环保低碳,碳中和/低碳,命中关键词：碳中和,环保/碳中和,560550,碳中和ETF广发,指数型-股票
行业-环保低碳,碳中和/低碳,命中关键词：碳中和,环保/碳中和,560560,碳中和ETF泰康,指数型-股票
行业-环保低碳,碳中和/低碳,命中关键词：碳中和,环保/碳中和,561190,碳中和ETF富国,指数型-股票
行业-环保低碳,碳中和/低碳,命中关键词：碳中和,环保/碳中和,562300,碳中和ETF银华,指数型-股票
行业-环保低碳,碳中和/低碳,命中关键词：碳中和,环保/碳中和,562990,碳中和ETF易方达,指数型-股票
行业-科技TMT,云计算/大数据,命中关键词：云计算,半导体/AI/软件/通信/互联网,159273,云计算ETF汇添富,指数型-股票
行业-科技TMT,云计算/大数据,命中关键词：数字经济,半导体/AI/软件/通信/互联网,159311,数字经济ETF易方达,指数型-股票
行业-科技TMT,云计算/大数据,命中关键词：数字经济,半导体/AI/软件/通信/互联网,159385,数字经济ETF富国,指数型-股票
行业-科技TMT,云计算/大数据,命中关键词：数字经济,半导体/AI/软件/通信/互联网,159389,数字经济ETF嘉实,指数型-股票
行业-科技TMT,云计算/大数据,命中关键词：云计算,半导体/AI/软件/通信/互联网,159527,云计算ETF广发,指数型-股票
行业-科技TMT,云计算/大数据,命中关键词：数字经济,半导体/AI/软件/通信/互联网,159658,数字经济ETF华安,指数型-股票
行业-科技TMT,云计算/大数据,命中关键词：云计算,半导体/AI/软件/通信/互联网,159738,云计算ETF华泰柏瑞,指数型-股票
行业-科技TMT,云计算/大数据,命中关键词：云计算,半导体/AI/软件/通信/互联网,159739,云计算ETF鹏华,指数型-股票
行业-科技TMT,云计算/大数据,命中关键词：云计算,半导体/AI/软件/通信/互联网,159890,云计算ETF招商,指数型-股票
行业-科技TMT,云计算/大数据,命中关键词：大数据,半导体/AI/软件/通信/互联网,515400,大数据ETF富国,指数型-股票
行业-科技TMT,云计算/大数据,命中关键词：大数据,半导体/AI/软件/通信/互联网,516000,大数据ETF华夏,指数型-股票
行业-科技TMT,云计算/大数据,命中关键词：云计算,半导体/AI/软件/通信/互联网,516510,云计算ETF易方达,指数型-股票
行业-科技TMT,云计算/大数据,命中关键词：云计算,半导体/AI/软件/通信/互联网,516630,云计算ETF华夏,指数型-股票
行业-科技TMT,云计算/大数据,命中关键词：大数据,半导体/AI/软件/通信/互联网,516700,大数据ETF华宝,指数型-股票
行业-科技TMT,云计算/大数据,命中关键词：云计算,半导体/AI/软件/通信/互联网,517130,云计算ETF嘉实,指数型-股票
行业-科技TMT,云计算/大数据,命中关键词：云计算,半导体/AI/软件/通信/互联网,517390,云计算ETF天弘,指数型-股票
行业-科技TMT,云计算/大数据,命中关键词：云计算,半导体/AI/软件/通信/互联网,560660,云计算50ETF新华,指数型-股票
行业-科技TMT,云计算/大数据,命中关键词：数字经济,半导体/AI/软件/通信/互联网,560800,数字经济ETF鹏扬,指数型-股票
行业-科技TMT,云计算/大数据,命中关键词：数字经济,半导体/AI/软件/通信/互联网,561220,数字经济ETF工银,指数型-股票
行业-科技TMT,互联网,命中关键词：互联网,半导体/AI/软件/通信/互联网,159013,大成中证工业互联网主题ETF,指数型-股票
行业-科技TMT,互联网,命中关键词：互联网,半导体/AI/软件/通信/互联网,159040,港股通互联网ETF鹏华,指数型-股票
行业-科技TMT,互联网,命中关键词：互联网,半导体/AI/软件/通信/互联网,159170,港股通互联网ETF永赢,指数型-股票
行业-科技TMT,互联网,命中关键词：互联网,半导体/AI/软件/通信/互联网,159179,港股通互联网ETF工银,指数型-股票
行业-科技TMT,互联网,命中关键词：互联网,半导体/AI/软件/通信/互联网,159280,港股通互联网ETF汇添富,指数型-股票
行业-科技TMT,互联网,命中关键词：互联网,半导体/AI/软件/通信/互联网,159550,互联网ETF东财,指数型-股票
行业-科技TMT,互联网,命中关键词：互联网,半导体/AI/软件/通信/互联网,159568,港股互联网ETF博时,指数型-股票
行业-科技TMT,互联网,命中关键词：互联网,半导体/AI/软件/通信/互联网,159729,互联网ETF汇添富,指数型-股票
行业-科技TMT,互联网,命中关键词：互联网,半导体/AI/软件/通信/互联网,159778,工业互联网ETF鹏华,指数型-股票
行业-科技TMT,互联网,命中关键词：互联网,半导体/AI/软件/通信/互联网,159792,港股通互联网ETF富国,指数型-股票
行业-科技TMT,互联网,命中关键词：互联网,半导体/AI/软件/通信/互联网,159856,互联网龙头ETF工银,指数型-股票
行业-科技TMT,互联网,命中关键词：互联网,半导体/AI/软件/通信/互联网,513040,港股通互联网ETF易方达,指数型-股票
行业-科技TMT,互联网,命中关键词：互联网,半导体/AI/软件/通信/互联网,513720,港股互联网ETF国泰,指数型-股票
行业-科技TMT,互联网,命中关键词：互联网,半导体/AI/软件/通信/互联网,513770,港股互联网ETF华宝,指数型-股票
行业-科技TMT,互联网,命中关键词：互联网,半导体/AI/软件/通信/互联网,517050,互联网ETF华泰柏瑞,指数型-股票
行业-科技TMT,互联网,命中关键词：互联网,半导体/AI/软件/通信/互联网,517200,互联网ETF嘉实,指数型-股票
行业-科技TMT,互联网,命中关键词：互联网,半导体/AI/软件/通信/互联网,520630,港股通互联网ETF广发,指数型-股票
行业-科技TMT,互联网,命中关键词：互联网,半导体/AI/软件/通信/互联网,520650,港股通互联网ETF南方,指数型-股票
行业-科技TMT,互联网,命中关键词：互联网,半导体/AI/软件/通信/互联网,520790,港股通互联网ETF兴业,指数型-股票
行业-科技TMT,互联网,命中关键词：互联网,半导体/AI/软件/通信/互联网,520910,港股通互联网ETF华夏,指数型-股票
行业-科技TMT,人工智能/算力,命中关键词：人工智能,半导体/AI/软件/通信/互联网,159022,富国中证科创创业人工智能ETF,指数型-股票
行业-科技TMT,人工智能/算力,命中关键词：人工智能,半导体/AI/软件/通信/互联网,159139,科创创业人工智能ETF华泰柏瑞,指数型-股票
行业-科技TMT,人工智能/算力,命中关键词：人工智能,半导体/AI/软件/通信/互联网,159140,科创创业人工智能ETF易方达,指数型-股票
行业-科技TMT,人工智能/算力,命中关键词：人工智能,半导体/AI/软件/通信/互联网,159141,科创创业人工智能ETF永赢,指数型-股票
行业-科技TMT,人工智能/算力,命中关键词：人工智能,半导体/AI/软件/通信/互联网,159142,科创创业人工智能ETF景顺,指数型-股票
行业-科技TMT,人工智能/算力,命中关键词：人工智能,半导体/AI/软件/通信/互联网,159242,创业板人工智能ETF大成,指数型-股票
行业-科技TMT,人工智能/算力,命中关键词：人工智能,半导体/AI/软件/通信/互联网,159243,创业板人工智能ETF招商,指数型-股票
行业-科技TMT,人工智能/算力,命中关键词：人工智能,半导体/AI/软件/通信/互联网,159246,创业板人工智能ETF富国,指数型-股票
行业-科技TMT,人工智能/算力,命中关键词：人工智能,半导体/AI/软件/通信/互联网,159248,人工智能ETF万家,指数型-股票
行业-科技TMT,人工智能/算力,命中关键词：人工智能,半导体/AI/软件/通信/互联网,159279,创业板人工智能ETF华安,指数型-股票
行业-科技TMT,人工智能/算力,命中关键词：人工智能,半导体/AI/软件/通信/互联网,159363,创业板人工智能ETF华宝,指数型-股票
行业-科技TMT,人工智能/算力,命中关键词：人工智能,半导体/AI/软件/通信/互联网,159381,创业板人工智能ETF华夏,指数型-股票
行业-科技TMT,人工智能/算力,命中关键词：人工智能,半导体/AI/软件/通信/互联网,159382,创业板人工智能ETF南方,指数型-股票
行业-科技TMT,人工智能/算力,命中关键词：人工智能,半导体/AI/软件/通信/互联网,159388,创业板人工智能ETF国泰,指数型-股票
行业-科技TMT,人工智能/算力,命中关键词：人工智能,半导体/AI/软件/通信/互联网,159819,人工智能ETF易方达,指数型-股票
行业-科技TMT,人工智能/算力,命中关键词：人工智能,半导体/AI/软件/通信/互联网,512930,AI人工智能ETF平安,指数型-股票
行业-科技TMT,人工智能/算力,命中关键词：人工智能,半导体/AI/软件/通信/互联网,515070,人工智能ETF华夏,指数型-股票
行业-科技TMT,人工智能/算力,命中关键词：人工智能,半导体/AI/软件/通信/互联网,515980,人工智能ETF华富,指数型-股票
行业-科技TMT,人工智能/算力,命中关键词：人工智能,半导体/AI/软件/通信/互联网,517800,人工智能50ETF方正富邦,指数型-股票
行业-科技TMT,人工智能/算力,命中关键词：人工智能,半导体/AI/软件/通信/互联网,561460,人工智能ETF天弘,指数型-股票
行业-科技TMT,人工智能/算力,命中关键词：人工智能,半导体/AI/软件/通信/互联网,588410,科创创业人工智能ETF鹏华,指数型-股票
行业-科技TMT,人工智能/算力,命中关键词：人工智能,半导体/AI/软件/通信/互联网,588420,科创创业人工智能ETF摩根,指数型-股票
行业-科技TMT,人工智能/算力,命中关键词：人工智能,半导体/AI/软件/通信/互联网,588430,科创创业人工智能ETF工银,指数型-股票
行业-科技TMT,人工智能/算力,命中关键词：人工智能,半导体/AI/软件/通信/互联网,588470,科创创业人工智能ETF华安,指数型-股票
行业-科技TMT,人工智能/算力,命中关键词：人工智能,半导体/AI/软件/通信/互联网,588480,科创创业人工智能ETF中金,指数型-股票
行业-科技TMT,人工智能/算力,命中关键词：人工智能,半导体/AI/软件/通信/互联网,588510,科创创业人工智能ETF华夏,指数型-股票
行业-科技TMT,人工智能/算力,命中关键词：人工智能,半导体/AI/软件/通信/互联网,588730,科创人工智能ETF易方达,指数型-股票
行业-科技TMT,人工智能/算力,命中关键词：人工智能,半导体/AI/软件/通信/互联网,588760,科创人工智能ETF广发,指数型-股票
行业-科技TMT,人工智能/算力,命中关键词：AI,半导体/AI/软件/通信/互联网,588790,科创AIETF博时,指数型-股票
行业-科技TMT,人工智能/算力,命中关键词：人工智能,半导体/AI/软件/通信/互联网,588930,科创人工智能ETF银华,指数型-股票
行业-科技TMT,人工智能/算力,命中关键词：人工智能,半导体/AI/软件/通信/互联网,589010,科创人工智能ETF华夏,指数型-股票
行业-科技TMT,人工智能/算力,命中关键词：AI,半导体/AI/软件/通信/互联网,589090,科创AIETF鹏华,指数型-股票
行业-科技TMT,人工智能/算力,命中关键词：人工智能,半导体/AI/软件/通信/互联网,589110,科创人工智能ETF国泰,指数型-股票
行业-科技TMT,人工智能/算力,命中关键词：人工智能,半导体/AI/软件/通信/互联网,589230,科创人工智能ETF南方,指数型-股票
行业-科技TMT,人工智能/算力,命中关键词：人工智能,半导体/AI/软件/通信/互联网,589310,科创人工智能ETF鑫元,指数型-股票
行业-科技TMT,人工智能/算力,命中关键词：人工智能,半导体/AI/软件/通信/互联网,589380,科创人工智能ETF富国,指数型-股票
行业-科技TMT,人工智能/算力,命中关键词：人工智能,半导体/AI/软件/通信/互联网,589520,科创人工智能ETF华宝,指数型-股票
行业-科技TMT,人工智能/算力,命中关键词：人工智能,半导体/AI/软件/通信/互联网,589560,科创人工智能ETF汇添富,指数型-股票
行业-科技TMT,半导体/芯片,命中关键词：芯片,半导体/AI/软件/通信/互联网,159310,芯片ETF天弘,指数型-股票
行业-科技TMT,半导体/芯片,命中关键词：半导体,半导体/AI/软件/通信/互联网,159325,半导体ETF南方,指数型-股票
行业-科技TMT,半导体/芯片,命中关键词：半导体,半导体/AI/软件/通信/互联网,159327,半导体设备ETF万家,指数型-股票
行业-科技TMT,半导体/芯片,命中关键词：半导体,半导体/AI/软件/通信/互联网,159516,半导体设备ETF国泰,指数型-股票
行业-科技TMT,半导体/芯片,命中关键词：集成电路,半导体/AI/软件/通信/互联网,159546,集成电路ETF国泰,指数型-股票
行业-科技TMT,半导体/芯片,命中关键词：半导体,半导体/AI/软件/通信/互联网,159558,半导体设备ETF易方达,指数型-股票
行业-科技TMT,半导体/芯片,命中关键词：芯片,半导体/AI/软件/通信/互联网,159560,芯片ETF景顺,指数型-股票
行业-科技TMT,半导体/芯片,命中关键词：半导体,半导体/AI/软件/通信/互联网,159582,半导体ETF博时,指数型-股票
行业-科技TMT,半导体/芯片,命中关键词：芯片,半导体/AI/软件/通信/互联网,159599,芯片ETF东财,指数型-股票
行业-科技TMT,半导体/芯片,命中关键词：半导体,半导体/AI/软件/通信/互联网,159665,半导体龙头ETF工银,指数型-股票
行业-科技TMT,半导体/芯片,命中关键词：芯片,半导体/AI/软件/通信/互联网,159801,芯片ETF广发,指数型-股票
行业-科技TMT,半导体/芯片,命中关键词：半导体,半导体/AI/软件/通信/互联网,159813,半导体ETF鹏华,指数型-股票
行业-科技TMT,半导体/芯片,命中关键词：芯片,半导体/AI/软件/通信/互联网,159995,芯片ETF华夏,指数型-股票
行业-科技TMT,半导体/芯片,命中关键词：半导体,半导体/AI/软件/通信/互联网,512480,半导体ETF国联安,指数型-股票
行业-科技TMT,半导体/芯片,命中关键词：芯片,半导体/AI/软件/通信/互联网,512760,芯片ETF国泰,指数型-股票
行业-科技TMT,半导体/芯片,命中关键词：芯片,半导体/AI/软件/通信/互联网,516350,芯片ETF易方达,指数型-股票
行业-科技TMT,半导体/芯片,命中关键词：芯片,半导体/AI/软件/通信/互联网,516640,芯片ETF富国,指数型-股票
行业-科技TMT,半导体/芯片,命中关键词：芯片,半导体/AI/软件/通信/互联网,516920,芯片ETF汇添富,指数型-股票
行业-科技TMT,半导体/芯片,命中关键词：半导体,半导体/AI/软件/通信/互联网,560780,半导体设备ETF广发,指数型-股票
行业-科技TMT,半导体/芯片,命中关键词：半导体,半导体/AI/软件/通信/互联网,561980,半导体设备ETF招商,指数型-股票
行业-科技TMT,半导体/芯片,命中关键词：半导体,半导体/AI/软件/通信/互联网,562590,半导体设备ETF华夏,指数型-股票
行业-科技TMT,半导体/芯片,命中关键词：集成电路,半导体/AI/软件/通信/互联网,562820,集成电路ETF嘉实,指数型-股票
行业-科技TMT,半导体/芯片,命中关键词：半导体,半导体/AI/软件/通信/互联网,588170,科创半导体ETF华夏,指数型-股票
行业-科技TMT,半导体/芯片,命中关键词：芯片,半导体/AI/软件/通信/互联网,588200,科创芯片ETF嘉实,指数型-股票
行业-科技TMT,半导体/芯片,命中关键词：芯片,半导体/AI/软件/通信/互联网,588290,科创芯片ETF华安,指数型-股票
行业-科技TMT,半导体/芯片,命中关键词：半导体,半导体/AI/软件/通信/互联网,588710,科创半导体设备ETF华泰柏瑞,指数型-股票
行业-科技TMT,半导体/芯片,命中关键词：芯片,半导体/AI/软件/通信/互联网,588750,科创芯片ETF汇添富,指数型-股票
行业-科技TMT,半导体/芯片,命中关键词：芯片,半导体/AI/软件/通信/互联网,588780,科创芯片设计ETF国联安,指数型-股票
行业-科技TMT,半导体/芯片,命中关键词：芯片,半导体/AI/软件/通信/互联网,588810,科创芯片ETF富国,指数型-股票
行业-科技TMT,半导体/芯片,命中关键词：芯片,半导体/AI/软件/通信/互联网,588890,科创芯片ETF南方,指数型-股票
行业-科技TMT,半导体/芯片,命中关键词：芯片,半导体/AI/软件/通信/互联网,588920,科创芯片ETF鹏华,指数型-股票
行业-科技TMT,半导体/芯片,命中关键词：芯片,半导体/AI/软件/通信/互联网,588990,科创芯片ETF博时,指数型-股票
行业-科技TMT,半导体/芯片,命中关键词：半导体,半导体/AI/软件/通信/互联网,589020,科创半导体设备ETF鹏华,指数型-股票
行业-科技TMT,半导体/芯片,命中关键词：芯片,半导体/AI/软件/通信/互联网,589030,科创芯片设计ETF易方达,指数型-股票
行业-科技TMT,半导体/芯片,命中关键词：芯片,半导体/AI/软件/通信/互联网,589070,科创芯片设计ETF天弘,指数型-股票
行业-科技TMT,半导体/芯片,命中关键词：芯片,半导体/AI/软件/通信/互联网,589100,科创芯片ETF国泰,指数型-股票
行业-科技TMT,半导体/芯片,命中关键词：芯片,半导体/AI/软件/通信/互联网,589130,科创芯片ETF易方达,指数型-股票
行业-科技TMT,半导体/芯片,命中关键词：芯片,半导体/AI/软件/通信/互联网,589160,科创芯片ETF广发,指数型-股票
行业-科技TMT,半导体/芯片,命中关键词：芯片,半导体/AI/软件/通信/互联网,589170,科创芯片设计ETF鹏华,指数型-股票
行业-科技TMT,半导体/芯片,命中关键词：芯片,半导体/AI/软件/通信/互联网,589190,科创芯片ETF华宝,指数型-股票
行业-科技TMT,半导体/芯片,命中关键词：芯片,半导体/AI/软件/通信/互联网,589210,科创芯片设计ETF广发,指数型-股票
行业-科技TMT,半导体/芯片,命中关键词：芯片,半导体/AI/软件/通信/互联网,589250,科创芯片设计ETF浦银,指数型-股票
行业-科技TMT,半导体/芯片,命中关键词：芯片,半导体/AI/软件/通信/互联网,589260,科创芯片设计ETF国泰,指数型-股票
行业-科技TMT,半导体/芯片,命中关键词：芯片,半导体/AI/软件/通信/互联网,589290,科创芯片设计ETF汇添富,指数型-股票
行业-科技TMT,半导体/芯片,命中关键词：芯片,半导体/AI/软件/通信/互联网,589350,科创芯片设计ETF银华,指数型-股票
行业-科技TMT,机器人,命中关键词：机器人,半导体/AI/软件/通信/互联网,159039,机器人ETF华安,指数型-股票
行业-科技TMT,机器人,命中关键词：机器人,半导体/AI/软件/通信/互联网,159048,机器人ETF大成,指数型-股票
行业-科技TMT,机器人,命中关键词：机器人,半导体/AI/软件/通信/互联网,159050,机器人ETF广发,指数型-股票
行业-科技TMT,机器人,命中关键词：机器人,半导体/AI/软件/通信/互联网,159213,机器人ETF汇添富,指数型-股票
行业-科技TMT,机器人,命中关键词：机器人,半导体/AI/软件/通信/互联网,159258,机器人ETF南方,指数型-股票
行业-科技TMT,机器人,命中关键词：机器人,半导体/AI/软件/通信/互联网,159272,机器人ETF富国,指数型-股票
行业-科技TMT,机器人,命中关键词：机器人,半导体/AI/软件/通信/互联网,159278,机器人ETF鹏华,指数型-股票
行业-科技TMT,机器人,命中关键词：机器人,半导体/AI/软件/通信/互联网,159526,机器人ETF嘉实,指数型-股票
行业-科技TMT,机器人,命中关键词：机器人,半导体/AI/软件/通信/互联网,159530,机器人ETF易方达,指数型-股票
行业-科技TMT,机器人,命中关键词：机器人,半导体/AI/软件/通信/互联网,159551,机器人ETF国泰,指数型-股票
行业-科技TMT,机器人,命中关键词：机器人,半导体/AI/软件/通信/互联网,159559,机器人ETF景顺,指数型-股票
行业-科技TMT,机器人,命中关键词：机器人,半导体/AI/软件/通信/互联网,159770,机器人ETF天弘,指数型-股票
行业-科技TMT,机器人,命中关键词：机器人,半导体/AI/软件/通信/互联网,560630,机器人ETF万家,指数型-股票
行业-科技TMT,机器人,命中关键词：机器人,半导体/AI/软件/通信/互联网,560770,机器人ETF招商,指数型-股票
行业-科技TMT,机器人,命中关键词：机器人,半导体/AI/软件/通信/互联网,562360,机器人ETF银华,指数型-股票
行业-科技TMT,机器人,命中关键词：机器人,半导体/AI/软件/通信/互联网,562500,机器人ETF华夏,指数型-股票
行业-科技TMT,游戏传媒,命中关键词：传媒,半导体/AI/软件/通信/互联网,159805,传媒ETF鹏华,指数型-股票
行业-科技TMT,游戏传媒,命中关键词：影视,半导体/AI/软件/通信/互联网,159855,影视ETF银华,指数型-股票
行业-科技TMT,游戏传媒,命中关键词：游戏,半导体/AI/软件/通信/互联网,159869,游戏ETF华夏,指数型-股票
行业-科技TMT,游戏传媒,命中关键词：传媒,半导体/AI/软件/通信/互联网,512980,传媒ETF广发,指数型-股票
行业-科技TMT,游戏传媒,命中关键词：游戏,半导体/AI/软件/通信/互联网,516010,游戏ETF国泰,指数型-股票
行业-科技TMT,游戏传媒,命中关键词：传媒,半导体/AI/软件/通信/互联网,516190,传媒ETF华夏,指数型-股票
行业-科技TMT,游戏传媒,命中关键词：影视,半导体/AI/软件/通信/互联网,516620,影视ETF国泰,指数型-股票
行业-科技TMT,游戏传媒,命中关键词：游戏,半导体/AI/软件/通信/互联网,516770,游戏ETF华泰柏瑞,指数型-股票
行业-科技TMT,游戏传媒,命中关键词：游戏,半导体/AI/软件/通信/互联网,517770,游戏传媒ETF浦银,指数型-股票
行业-科技TMT,物联网,补充分组：物联网,半导体/AI/软件/通信/互联网,159701,物联网ETF招商,指数型-股票
行业-科技TMT,物联网,补充分组：物联网,半导体/AI/软件/通信/互联网,159709,物联网ETF工银,指数型-股票
行业-科技TMT,物联网,补充分组：物联网,半导体/AI/软件/通信/互联网,159895,物联网ETF易方达,指数型-股票
行业-科技TMT,物联网,补充分组：物联网,半导体/AI/软件/通信/互联网,159896,物联网ETF南方,指数型-股票
行业-科技TMT,物联网,补充分组：物联网,半导体/AI/软件/通信/互联网,516260,物联网ETF华夏,指数型-股票
行业-科技TMT,物联网,补充分组：物联网,半导体/AI/软件/通信/互联网,516330,物联网ETF华泰柏瑞,指数型-股票
行业-科技TMT,物联网,补充分组：物联网,半导体/AI/软件/通信/互联网,517660,物联网ETF天弘,指数型-股票
行业-科技TMT,电子/消费电子,补充分组：电子/消费电子/VR,半导体/AI/软件/通信/互联网,159153,消费电子ETF鹏华,指数型-股票
行业-科技TMT,电子/消费电子,补充分组：电子/消费电子/VR,半导体/AI/软件/通信/互联网,159178,汇添富国证消费电子主题ETF,指数型-股票
行业-科技TMT,电子/消费电子,补充分组：电子/消费电子/VR,半导体/AI/软件/通信/互联网,159732,消费电子ETF华夏,指数型-股票
行业-科技TMT,电子/消费电子,补充分组：电子/消费电子/VR,半导体/AI/软件/通信/互联网,159779,消费电子ETF招商,指数型-股票
行业-科技TMT,电子/消费电子,补充分组：电子/消费电子/VR,半导体/AI/软件/通信/互联网,159786,VRETF银华,指数型-股票
行业-科技TMT,电子/消费电子,补充分组：电子/消费电子/VR,半导体/AI/软件/通信/互联网,159997,电子ETF天弘,指数型-股票
行业-科技TMT,电子/消费电子,补充分组：电子/消费电子/VR,半导体/AI/软件/通信/互联网,515260,电子ETF华宝,指数型-股票
行业-科技TMT,电子/消费电子,补充分组：电子/消费电子/VR,半导体/AI/软件/通信/互联网,515320,电子50ETF华安,指数型-股票
行业-科技TMT,电子/消费电子,补充分组：电子/消费电子/VR,半导体/AI/软件/通信/互联网,561100,消费电子ETF富国,指数型-股票
行业-科技TMT,电子/消费电子,补充分组：电子/消费电子/VR,半导体/AI/软件/通信/互联网,561600,消费电子ETF平安,指数型-股票
行业-科技TMT,电子/消费电子,补充分组：电子/消费电子/VR,半导体/AI/软件/通信/互联网,562950,消费电子ETF易方达,指数型-股票
行业-科技TMT,科技综合,命中关键词：科技,半导体/AI/软件/通信/互联网,159010,港股通科技ETF博时,指数型-股票
行业-科技TMT,科技综合,命中关键词：科技,半导体/AI/软件/通信/互联网,159015,恒生港股通科技ETF国联,指数型-股票
行业-科技TMT,科技综合,命中关键词：科技,半导体/AI/软件/通信/互联网,159101,港股通科技ETF华夏,指数型-股票
行业-科技TMT,科技综合,命中关键词：科技,半导体/AI/软件/通信/互联网,159120,港股通科技ETF国联安,指数型-股票
行业-科技TMT,科技综合,命中关键词：科技,半导体/AI/软件/通信/互联网,159125,港股通科技ETF招商,指数型-股票
行业-科技TMT,科技综合,命中关键词：科技,半导体/AI/软件/通信/互联网,159128,港股科技ETF天弘,指数型-股票
行业-科技TMT,科技综合,命中关键词：科技,半导体/AI/软件/通信/互联网,159135,港股通科技ETF前海开源,指数型-股票
行业-科技TMT,科技综合,命中关键词：科技,半导体/AI/软件/通信/互联网,159152,港股通科技ETF平安,指数型-股票
行业-科技TMT,科技综合,命中关键词：科技,半导体/AI/软件/通信/互联网,159191,港股通科技ETF易方达,指数型-股票
行业-科技TMT,科技综合,命中关键词：科技,半导体/AI/软件/通信/互联网,159251,港股通科技ETF万家,指数型-股票
行业-科技TMT,科技综合,命中关键词：科技,半导体/AI/软件/通信/互联网,159262,港股通科技ETF广发,指数型-股票
行业-科技TMT,科技综合,命中关键词：科技,半导体/AI/软件/通信/互联网,159269,港股通科技ETF南方,指数型-股票
行业-科技TMT,科技综合,命中关键词：科技,半导体/AI/软件/通信/互联网,159636,港股通科技30ETF工银,指数型-股票
行业-科技TMT,科技综合,命中关键词：科技,半导体/AI/软件/通信/互联网,159723,科技龙头ETF汇添富,指数型-股票
行业-科技TMT,科技综合,命中关键词：科技,半导体/AI/软件/通信/互联网,159751,港股通科技ETF鹏华,指数型-股票
行业-科技TMT,科技综合,命中关键词：科技,半导体/AI/软件/通信/互联网,159773,创业板科技ETF华泰柏瑞,指数型-股票
行业-科技TMT,科技综合,命中关键词：科技,半导体/AI/软件/通信/互联网,159777,创科技ETF国联安,指数型-股票
行业-科技TMT,科技综合,命中关键词：科技,半导体/AI/软件/通信/互联网,159807,科技ETF易方达,指数型-股票
行业-科技TMT,科技综合,命中关键词：TMT,半导体/AI/软件/通信/互联网,159909,TMT50ETF招商,指数型-股票
行业-科技TMT,科技综合,命中关键词：信息技术,半导体/AI/软件/通信/互联网,159939,信息技术ETF广发,指数型-股票
行业-科技TMT,科技综合,命中关键词：TMT,半导体/AI/软件/通信/互联网,512220,TMTETF景顺,指数型-股票
行业-科技TMT,科技综合,命中关键词：科技,半导体/AI/软件/通信/互联网,512330,信息科技ETF南方,指数型-股票
行业-科技TMT,科技综合,命中关键词：科技,半导体/AI/软件/通信/互联网,513020,港股科技ETF国泰,指数型-股票
行业-科技TMT,科技综合,命中关键词：科技,半导体/AI/软件/通信/互联网,513150,港股通科技ETF华泰柏瑞,指数型-股票
行业-科技TMT,科技综合,命中关键词：科技,半导体/AI/软件/通信/互联网,513160,港股科技ETF银华,指数型-股票
行业-科技TMT,科技综合,命中关键词：科技,半导体/AI/软件/通信/互联网,513560,香港科技ETF兴银,指数型-股票
行业-科技TMT,科技综合,命中关键词：科技,半导体/AI/软件/通信/互联网,513860,港股通科技ETF海富通,指数型-股票
行业-科技TMT,科技综合,命中关键词：科技,半导体/AI/软件/通信/互联网,513980,港股科技ETF景顺,指数型-股票
行业-科技TMT,科技综合,命中关键词：科技,半导体/AI/软件/通信/互联网,515000,科技ETF华宝,指数型-股票
行业-科技TMT,科技综合,命中关键词：科技,半导体/AI/软件/通信/互联网,515580,科技100ETF华泰柏瑞,指数型-股票
行业-科技TMT,科技综合,命中关键词：科技,半导体/AI/软件/通信/互联网,515750,科技50ETF富国,指数型-股票
行业-科技TMT,科技综合,命中关键词：科技,半导体/AI/软件/通信/互联网,515860,科技ETF嘉实,指数型-股票
行业-科技TMT,科技综合,命中关键词：科技,半导体/AI/软件/通信/互联网,516050,科技龙头ETF工银,指数型-股票
行业-科技TMT,科技综合,命中关键词：科技,半导体/AI/软件/通信/互联网,517350,沪港深科技ETF广发,指数型-股票
行业-科技TMT,科技综合,命中关键词：科技,半导体/AI/软件/通信/互联网,517360,沪港深科技ETF华安,指数型-股票
行业-科技TMT,科技综合,命中关键词：科技,半导体/AI/软件/通信/互联网,517950,沪深港科技50ETF交银,指数型-股票
行业-科技TMT,科技综合,命中关键词：科技,半导体/AI/软件/通信/互联网,520530,港股通科技ETF东财,指数型-股票
行业-科技TMT,科技综合,命中关键词：科技,半导体/AI/软件/通信/互联网,520670,港股通科技ETF嘉实,指数型-股票
行业-科技TMT,科技综合,命中关键词：科技,半导体/AI/软件/通信/互联网,520840,港股通恒生科技ETF华安,指数型-股票
行业-科技TMT,科技综合,命中关键词：科技,半导体/AI/软件/通信/互联网,520860,港股通科技ETF富国,指数型-股票
行业-科技TMT,科技综合,命中关键词：科技,半导体/AI/软件/通信/互联网,520980,港股通科技ETF汇添富,指数型-股票
行业-科技TMT,科技综合,命中关键词：科技,半导体/AI/软件/通信/互联网,560170,央企科技ETF南方,指数型-股票
行业-科技TMT,科技综合,命中关键词：科技,半导体/AI/软件/通信/互联网,560990,科技先锋ETF中金,指数型-股票
行业-科技TMT,科技综合,命中关键词：科技,半导体/AI/软件/通信/互联网,562380,央企科技ETF银华,指数型-股票
行业-科技TMT,科技综合,命中关键词：信息技术,半导体/AI/软件/通信/互联网,562560,信息技术ETF华夏,指数型-股票
行业-科技TMT,科技综合,命中关键词：科技,半导体/AI/软件/通信/互联网,563050,央企科技ETF易方达,指数型-股票
行业-科技TMT,科技综合,命中关键词：科技,半导体/AI/软件/通信/互联网,563560,科技成长ETF兴业,指数型-股票
行业-科技TMT,科技综合,命中关键词：科创,半导体/AI/软件/通信/互联网,588100,科创信息ETF嘉实,指数型-股票
行业-科技TMT,科技综合,命中关键词：科创,半导体/AI/软件/通信/互联网,588260,科创信息ETF华安,指数型-股票
行业-科技TMT,科技综合,命中关键词：科创,半导体/AI/软件/通信/互联网,588770,科创信息ETF摩根,指数型-股票
行业-科技TMT,软件/信创,命中关键词：软件,半导体/AI/软件/通信/互联网,159035,天弘中证软件服务ETF,指数型-股票
行业-科技TMT,软件/信创,命中关键词：软件,半导体/AI/软件/通信/互联网,159036,软件开发ETF华宝,指数型-股票
行业-科技TMT,软件/信创,命中关键词：软件,半导体/AI/软件/通信/互联网,159107,创业板软件ETF富国,指数型-股票
行业-科技TMT,软件/信创,命中关键词：软件,半导体/AI/软件/通信/互联网,159108,工业软件ETF博时,指数型-股票
行业-科技TMT,软件/信创,命中关键词：软件,半导体/AI/软件/通信/互联网,159145,工业软件ETF广发,指数型-股票
行业-科技TMT,软件/信创,命中关键词：软件,半导体/AI/软件/通信/互联网,159180,银华国证工业软件主题ETF,指数型-股票
行业-科技TMT,软件/信创,命中关键词：软件,半导体/AI/软件/通信/互联网,159256,创业板软件ETF华夏,指数型-股票
行业-科技TMT,软件/信创,命中关键词：信创,半导体/AI/软件/通信/互联网,159537,信创ETF国泰,指数型-股票
行业-科技TMT,软件/信创,命中关键词：信创,半导体/AI/软件/通信/互联网,159538,信创ETF富国,指数型-股票
行业-科技TMT,软件/信创,命中关键词：信创,半导体/AI/软件/通信/互联网,159539,信创ETF广发,指数型-股票
行业-科技TMT,软件/信创,命中关键词：信创,半导体/AI/软件/通信/互联网,159540,信创ETF易方达,指数型-股票
行业-科技TMT,软件/信创,命中关键词：计算机,半导体/AI/软件/通信/互联网,159586,计算机ETF南方,指数型-股票
行业-科技TMT,软件/信创,命中关键词：软件,半导体/AI/软件/通信/互联网,159590,软件ETF汇添富,指数型-股票
行业-科技TMT,软件/信创,命中关键词：信息安全,半导体/AI/软件/通信/互联网,159613,信息安全ETF嘉实,指数型-股票
行业-科技TMT,软件/信创,命中关键词：软件,半导体/AI/软件/通信/互联网,159852,软件ETF嘉实,指数型-股票
行业-科技TMT,软件/信创,命中关键词：软件,半导体/AI/软件/通信/互联网,159899,软件ETF招商,指数型-股票
行业-科技TMT,软件/信创,命中关键词：计算机,半导体/AI/软件/通信/互联网,159998,计算机ETF天弘,指数型-股票
行业-科技TMT,软件/信创,命中关键词：计算机,半导体/AI/软件/通信/互联网,512720,计算机ETF国泰,指数型-股票
行业-科技TMT,软件/信创,命中关键词：软件,半导体/AI/软件/通信/互联网,515230,软件ETF国泰,指数型-股票
行业-科技TMT,软件/信创,命中关键词：软件,半导体/AI/软件/通信/互联网,560360,软件ETF万家,指数型-股票
行业-科技TMT,软件/信创,命中关键词：软件,半导体/AI/软件/通信/互联网,560790,软件ETF鹏华,指数型-股票
行业-科技TMT,软件/信创,命中关键词：信创,半导体/AI/软件/通信/互联网,560850,信创ETF汇添富,指数型-股票
行业-科技TMT,软件/信创,命中关键词：软件,半导体/AI/软件/通信/互联网,561010,软件ETF华安,指数型-股票
行业-科技TMT,软件/信创,命中关键词：信创,半导体/AI/软件/通信/互联网,562030,信创ETF华宝,指数型-股票
行业-科技TMT,软件/信创,命中关键词：信创,半导体/AI/软件/通信/互联网,562570,信创ETF华夏,指数型-股票
行业-科技TMT,软件/信创,命中关键词：信息安全,半导体/AI/软件/通信/互联网,562920,信息安全ETF易方达,指数型-股票
行业-科技TMT,软件/信创,命中关键词：软件,半导体/AI/软件/通信/互联网,562930,软件ETF易方达,指数型-股票
行业-科技TMT,通信/5G/光通信,命中关键词：通信,半导体/AI/软件/通信/互联网,159131,港股通信息技术ETF华宝,指数型-股票
行业-科技TMT,通信/5G/光通信,命中关键词：通信,半导体/AI/软件/通信/互联网,159185,鹏华中证港股通信息技术综合ETF,指数型-股票
行业-科技TMT,通信/5G/光通信,命中关键词：通信,半导体/AI/软件/通信/互联网,159196,易方达中证港股通信息技术综合ETF,指数型-股票
行业-科技TMT,通信/5G/光通信,命中关键词：通信,半导体/AI/软件/通信/互联网,159198,富国中证港股通信息技术综合ETF,指数型-股票
行业-科技TMT,通信/5G/光通信,命中关键词：通信,半导体/AI/软件/通信/互联网,159507,通信ETF广发,指数型-股票
行业-科技TMT,通信/5G/光通信,命中关键词：通信,半导体/AI/软件/通信/互联网,159511,通信ETF南方,指数型-股票
行业-科技TMT,通信/5G/光通信,命中关键词：通信,半导体/AI/软件/通信/互联网,159583,通信ETF富国,指数型-股票
行业-科技TMT,通信/5G/光通信,命中关键词：通信,半导体/AI/软件/通信/互联网,159695,通信ETF嘉实,指数型-股票
行业-科技TMT,通信/5G/光通信,命中关键词：5G,半导体/AI/软件/通信/互联网,159811,5GETF博时,指数型-股票
行业-科技TMT,通信/5G/光通信,命中关键词：通信,半导体/AI/软件/通信/互联网,159994,通信ETF银华,指数型-股票
行业-科技TMT,通信/5G/光通信,命中关键词：通信,半导体/AI/软件/通信/互联网,513240,港股通信息技术ETF华安,指数型-股票
行业-科技TMT,通信/5G/光通信,命中关键词：通信,半导体/AI/软件/通信/互联网,515050,通信ETF华夏,指数型-股票
行业-科技TMT,通信/5G/光通信,命中关键词：通信,半导体/AI/软件/通信/互联网,515880,通信ETF国泰,指数型-股票
行业-科技TMT,通信/5G/光通信,命中关键词：通信,半导体/AI/软件/通信/互联网,520710,港股通信息技术ETF广发,指数型-股票
行业-科技TMT,通信/5G/光通信,命中关键词：通信,半导体/AI/软件/通信/互联网,526000,港股通信息技术ETF华夏,指数型-股票
行业-科技TMT,通信/5G/光通信,命中关键词：通信,半导体/AI/软件/通信/互联网,526030,港股通信息技术ETF汇添富,指数型-股票
行业-科技TMT,通信/5G/光通信,命中关键词：通信,半导体/AI/软件/通信/互联网,526050,港股通信息技术ETF招商,指数型-股票
行业-科技TMT,通信/5G/光通信,命中关键词：电信,半导体/AI/软件/通信/互联网,560300,电信ETF汇添富,指数型-股票
行业-科技TMT,通信/5G/光通信,命中关键词：电信,半导体/AI/软件/通信/互联网,560690,电信ETF鹏华,指数型-股票
行业-科技TMT,通信/5G/光通信,命中关键词：电信,半导体/AI/软件/通信/互联网,563010,电信ETF易方达,指数型-股票
行业-金融,证券/券商,命中关键词：证券,证券/银行/保险/金融科技,159008,景顺长城中证全指证券公司ETF,指数型-股票
行业-金融,证券/券商,命中关键词：证券,证券/银行/保险/金融科技,159016,证券ETF广发,指数型-股票
行业-金融,证券/券商,命中关键词：证券,证券/银行/保险/金融科技,159260,证券ETF博时,指数型-股票
行业-金融,证券/券商,命中关键词：证券,证券/银行/保险/金融科技,159692,证券ETF东财,指数型-股票
行业-金融,证券/券商,命中关键词：证券,证券/银行/保险/金融科技,159821,创业板ETF中银证券,指数型-股票
行业-金融,证券/券商,命中关键词：证券,证券/银行/保险/金融科技,159841,证券ETF天弘,指数型-股票
行业-金融,证券/券商,命中关键词：券商,证券/银行/保险/金融科技,159842,券商ETF银华,指数型-股票
行业-金融,证券/券商,命中关键词：证券,证券/银行/保险/金融科技,159848,证券ETF国联安,指数型-股票
行业-金融,证券/券商,命中关键词：证券,证券/银行/保险/金融科技,159993,证券ETF鹏华,指数型-股票
行业-金融,证券/券商,命中关键词：证券,证券/银行/保险/金融科技,510200,上证券商ETF汇安,指数型-股票
行业-金融,证券/券商,命中关键词：券商,证券/银行/保险/金融科技,512000,券商ETF华宝,指数型-股票
行业-金融,证券/券商,双命中证券/券商与保险，按主类归入：证券/券商,证券/银行/保险/金融科技,512070,证券保险ETF易方达,指数型-股票
行业-金融,证券/券商,命中关键词：证券,证券/银行/保险/金融科技,512570,证券ETF易方达,指数型-股票
行业-金融,证券/券商,命中关键词：证券,证券/银行/保险/金融科技,512880,证券ETF国泰,指数型-股票
行业-金融,证券/券商,命中关键词：证券,证券/银行/保险/金融科技,512900,证券ETF南方,指数型-股票
行业-金融,证券/券商,命中关键词：证券,证券/银行/保险/金融科技,513090,香港证券ETF易方达,指数型-股票
行业-金融,证券/券商,命中关键词：证券,证券/银行/保险/金融科技,515010,证券ETF华夏,指数型-股票
行业-金融,证券/券商,命中关键词：证券,证券/银行/保险/金融科技,515190,中证500ETF中银证券,指数型-股票
行业-金融,证券/券商,命中关键词：证券,证券/银行/保险/金融科技,515560,证券ETF建信,指数型-股票
行业-金融,证券/券商,双命中证券/券商与保险，按主类归入：证券/券商,证券/银行/保险/金融科技,515630,证券保险ETF鹏华,指数型-股票
行业-金融,证券/券商,命中关键词：证券,证券/银行/保险/金融科技,515850,证券ETF富国,指数型-股票
行业-金融,证券/券商,命中关键词：证券,证券/银行/保险/金融科技,516200,证券ETF华安,指数型-股票
行业-金融,证券/券商,命中关键词：证券,证券/银行/保险/金融科技,516730,证券ETF浦银,指数型-股票
行业-金融,证券/券商,命中关键词：证券,证券/银行/保险/金融科技,516980,证券先锋ETF华富,指数型-股票
行业-金融,证券/券商,命中关键词：证券,证券/银行/保险/金融科技,560090,证券ETF汇添富,指数型-股票
行业-金融,证券/券商,命中关键词：证券,证券/银行/保险/金融科技,560400,证券ETF华泰柏瑞,指数型-股票
行业-金融,证券/券商,命中关键词：证券,证券/银行/保险/金融科技,562870,证券ETF嘉实,指数型-股票
行业-金融,金融地产/金融综合,命中关键词：金融地产,证券/银行/保险/金融科技,159931,金融地产ETF汇添富,指数型-股票
行业-金融,金融地产/金融综合,命中关键词：金融地产,证券/银行/保险/金融科技,159933,金融地产ETF国投瑞银,指数型-股票
行业-金融,金融地产/金融综合,命中关键词：金融地产,证券/银行/保险/金融科技,159940,金融地产ETF广发,指数型-股票
行业-金融,金融地产/金融综合,命中关键词：金融,证券/银行/保险/金融科技,510230,金融ETF国泰,指数型-股票
行业-金融,金融地产/金融综合,命中关键词：金融地产,证券/银行/保险/金融科技,510650,金融地产ETF华夏,指数型-股票
行业-金融,金融地产/金融综合,命中关键词：金融地产,证券/银行/保险/金融科技,512640,金融地产ETF嘉实,指数型-股票
行业-金融,金融地产/金融综合,命中关键词：金融,证券/银行/保险/金融科技,513190,港股通金融ETF华夏,指数型-股票
行业-金融,金融科技,命中关键词：金融科技,证券/银行/保险/金融科技,159103,金融科技ETF汇添富,指数型-股票
行业-金融,金融科技,命中关键词：金融科技,证券/银行/保险/金融科技,159299,金融科技ETF易方达,指数型-股票
行业-金融,金融科技,命中关键词：金融科技,证券/银行/保险/金融科技,159851,金融科技ETF华宝,指数型-股票
行业-金融,金融科技,命中关键词：金融科技,证券/银行/保险/金融科技,515720,金融科技ETF富国,指数型-股票
行业-金融,金融科技,命中关键词：金融科技,证券/银行/保险/金融科技,516100,金融科技ETF华夏,指数型-股票
行业-金融,金融科技,命中关键词：金融科技,证券/银行/保险/金融科技,516860,金融科技ETF博时,指数型-股票
行业-金融,金融科技,命中关键词：金融科技,证券/银行/保险/金融科技,563570,金融科技ETF兴业,指数型-股票
行业-金融,金融科技,命中关键词：金融科技,证券/银行/保险/金融科技,563670,金融科技ETF鹏华,指数型-股票
行业-金融,银行,命中关键词：银行,证券/银行/保险/金融科技,159253,银行ETF博时,指数型-股票
行业-金融,银行,命中关键词：银行,证券/银行/保险/金融科技,159887,银行ETF富国,指数型-股票
行业-金融,银行,命中关键词：银行,证券/银行/保险/金融科技,512700,银行ETF南方,指数型-股票
行业-金融,银行,命中关键词：银行,证券/银行/保险/金融科技,512730,银行ETF鹏华,指数型-股票
行业-金融,银行,命中关键词：银行,证券/银行/保险/金融科技,512800,银行ETF华宝,指数型-股票
行业-金融,银行,命中关键词：银行,证券/银行/保险/金融科技,512820,银行ETF汇添富,指数型-股票
行业-金融,银行,命中关键词：银行,证券/银行/保险/金融科技,515020,银行ETF华夏,指数型-股票
行业-金融,银行,命中关键词：银行,证券/银行/保险/金融科技,515290,银行ETF天弘,指数型-股票
行业-金融,银行,命中关键词：银行,证券/银行/保险/金融科技,516210,银行ETF华安,指数型-股票
行业-金融,银行,命中关键词：银行,证券/银行/保险/金融科技,516310,银行ETF易方达,指数型-股票
行业-金融,银行,命中关键词：银行,证券/银行/保险/金融科技,517900,银行AH优选ETF招商,指数型-股票
行业-金融,银行,命中关键词：银行,证券/银行/保险/金融科技,560670,银行ETF华泰柏瑞,指数型-股票
行业-高端制造军工,军工国防,命中关键词：军工,军工/装备/机械,512560,军工ETF易方达,指数型-股票
行业-高端制造军工,军工国防,命中关键词：军工,军工/装备/机械,512660,军工ETF国泰,指数型-股票
行业-高端制造军工,军工国防,命中关键词：国防,军工/装备/机械,512670,国防ETF鹏华,指数型-股票
行业-高端制造军工,军工国防,命中关键词：军工,军工/装备/机械,512680,军工ETF广发,指数型-股票
行业-高端制造军工,军工国防,命中关键词：军工,军工/装备/机械,512710,军工龙头ETF富国,指数型-股票
行业-高端制造军工,军工国防,命中关键词：军工,军工/装备/机械,512810,军工ETF华宝,指数型-股票
行业-高端制造军工,商业航天/卫星,命中关键词：卫星,军工/装备/机械,159206,卫星ETF永赢,指数型-股票
行业-高端制造军工,商业航天/卫星,命中关键词：卫星,军工/装备/机械,159218,卫星ETF招商,指数型-股票
行业-高端制造军工,商业航天/卫星,命中关键词：卫星,军工/装备/机械,512630,卫星ETF广发,指数型-股票
行业-高端制造军工,商业航天/卫星,命中关键词：卫星,军工/装备/机械,563230,卫星ETF富国,指数型-股票
行业-高端制造军工,商业航天/卫星,命中关键词：卫星,军工/装备/机械,563530,卫星ETF易方达,指数型-股票
行业-高端制造军工,商业航天/卫星,命中关键词：卫星,军工/装备/机械,563790,卫星ETF鹏华,指数型-股票
行业-高端制造军工,工程机械,命中关键词：工程机械,军工/装备/机械,159065,工程机械ETF景顺,指数型-股票
行业-高端制造军工,工程机械,命中关键词：工程机械,军工/装备/机械,159070,工程机械ETF嘉实,指数型-股票
行业-高端制造军工,工程机械,命中关键词：工程机械,军工/装备/机械,159138,工程机械ETF易方达,指数型-股票
行业-高端制造军工,工程机械,命中关键词：工程机械,军工/装备/机械,159177,鹏华中证工程机械主题ETF,指数型-股票
行业-高端制造军工,工程机械,命中关键词：工程机械,军工/装备/机械,159542,工程机械ETF大成,指数型-股票
行业-高端制造军工,工程机械,命中关键词：工程机械,军工/装备/机械,515970,工程机械ETF华夏,指数型-股票
行业-高端制造军工,工程机械,命中关键词：工程机械,军工/装备/机械,516250,工程机械ETF富国,指数型-股票
行业-高端制造军工,工程机械,命中关键词：工程机械,军工/装备/机械,560280,工程机械ETF广发,指数型-股票
行业-高端制造军工,工程机械,命中关键词：工程机械,军工/装备/机械,560920,工程机械ETF招商,指数型-股票
行业-高端制造军工,工程机械,命中关键词：工程机械,军工/装备/机械,561030,工程机械ETF华泰柏瑞,指数型-股票
行业-高端制造军工,机床/工业母机,命中关键词：机床,军工/装备/机械,159663,机床ETF华夏,指数型-股票
行业-高端制造军工,机床/工业母机,命中关键词：工业母机,军工/装备/机械,159667,工业母机ETF国泰,指数型-股票
行业-高端制造军工,机械设备,补充分组：机械,军工/装备/机械,159886,机械ETF富国,指数型-股票
行业-高端制造军工,机械设备,补充分组：机械,军工/装备/机械,516960,机械ETF国泰,指数型-股票
行业-高端制造军工,机械设备,补充分组：机械,军工/装备/机械,588850,科创机械ETF嘉实,指数型-股票
行业-高端制造军工,航空航天,命中关键词：航空航天,军工/装备/机械,159208,航空航天ETF万家,指数型-股票
行业-高端制造军工,航空航天,命中关键词：航空航天,军工/装备/机械,159227,航空航天ETF华夏,指数型-股票
行业-高端制造军工,航空航天,命中关键词：航空,军工/装备/机械,159230,通用航空ETF华夏,指数型-股票
行业-高端制造军工,航空航天,命中关键词：航空,军工/装备/机械,159231,通用航空ETF华宝,指数型-股票
行业-高端制造军工,航空航天,命中关键词：航空航天,军工/装备/机械,159241,航空航天ETF天弘,指数型-股票
行业-高端制造军工,航空航天,命中关键词：航空,军工/装备/机械,159255,通用航空ETF易方达,指数型-股票
行业-高端制造军工,航空航天,命中关键词：航空,军工/装备/机械,159257,航空ETF汇添富,指数型-股票
行业-高端制造军工,航空航天,命中关键词：航天,军工/装备/机械,159267,航天ETF华安,指数型-股票
行业-高端制造军工,航空航天,命中关键词：航空,军工/装备/机械,159283,通用航空ETF南方,指数型-股票
行业-高端制造军工,航空航天,命中关键词：航空,军工/装备/机械,159378,通用航空ETF永赢,指数型-股票
行业-高端制造军工,航空航天,命中关键词：航空,军工/装备/机械,159392,航空ETF富国,指数型-股票
行业-高端制造军工,航空航天,命中关键词：航空,军工/装备/机械,561660,通用航空ETF平安,指数型-股票
行业-高端制造军工,航空航天,命中关键词：航空,军工/装备/机械,563320,通用航空ETF华泰柏瑞,指数型-股票
行业-高端制造军工,航空航天,命中关键词：航空航天,军工/装备/机械,563380,航空航天ETF华泰柏瑞,指数型-股票
行业-高端制造军工,航空航天,命中关键词：航空,军工/装备/机械,563870,通用航空ETF鹏华,指数型-股票
行业-高端制造军工,高端装备,命中关键词：高端装备,军工/装备/机械,159638,高端装备ETF嘉实,指数型-股票
行业-高端制造军工,高端装备,命中关键词：高端装备,军工/装备/机械,516320,高端装备ETF华夏,指数型-股票
行业-高端制造军工,高端装备,命中关键词：智能制造,军工/装备/机械,516800,智能制造ETF华宝,指数型-股票
行业-高端制造军工,高端装备,命中关键词：船舶,军工/装备/机械,560710,船舶ETF富国,指数型-股票
行业-高端制造军工,高端装备,命中关键词：制造,军工/装备/机械,562910,高端制造ETF易方达,指数型-股票
